/*
 Navicat Premium Data Transfer

 Source Server         : LOCAL
 Source Server Type    : MySQL
 Source Server Version : 100411
 Source Host           : localhost:3306
 Source Schema         : nbri_website

 Target Server Type    : MySQL
 Target Server Version : 100411
 File Encoding         : 65001

 Date: 16/07/2020 02:19:31
*/

SET NAMES utf8mb4;
SET FOREIGN_KEY_CHECKS = 0;

-- ----------------------------
-- Table structure for article_tags
-- ----------------------------
DROP TABLE IF EXISTS `article_tags`;
CREATE TABLE `article_tags`  (
  `article_id` int(11) NOT NULL,
  `tag_id` int(11) NOT NULL,
  PRIMARY KEY (`article_id`, `tag_id`) USING BTREE,
  INDEX `fk_tag_id`(`tag_id`) USING BTREE,
  CONSTRAINT `fk_article_id` FOREIGN KEY (`article_id`) REFERENCES `articles` (`id`) ON DELETE CASCADE ON UPDATE CASCADE,
  CONSTRAINT `fk_tag_id` FOREIGN KEY (`tag_id`) REFERENCES `tags` (`id`) ON DELETE CASCADE ON UPDATE CASCADE
) ENGINE = InnoDB CHARACTER SET = utf8 COLLATE = utf8_general_ci ROW_FORMAT = Dynamic;

-- ----------------------------
-- Records of article_tags
-- ----------------------------
INSERT INTO `article_tags` VALUES (1, 1);
INSERT INTO `article_tags` VALUES (2, 1);
INSERT INTO `article_tags` VALUES (3, 1);
INSERT INTO `article_tags` VALUES (4, 1);

-- ----------------------------
-- Table structure for articles
-- ----------------------------
DROP TABLE IF EXISTS `articles`;
CREATE TABLE `articles`  (
  `id` int(11) NOT NULL AUTO_INCREMENT,
  `title` varchar(100) CHARACTER SET utf8 COLLATE utf8_general_ci NOT NULL,
  `slug` varchar(100) CHARACTER SET utf8 COLLATE utf8_general_ci NOT NULL,
  `category` int(11) NOT NULL,
  `content` text CHARACTER SET utf8 COLLATE utf8_general_ci NOT NULL,
  `metatitle` varchar(100) CHARACTER SET utf8 COLLATE utf8_general_ci NOT NULL,
  `metadescription` text CHARACTER SET utf8 COLLATE utf8_general_ci NOT NULL,
  `featured` tinyint(1) UNSIGNED NOT NULL DEFAULT 0,
  `created` datetime(0) NOT NULL DEFAULT current_timestamp(0),
  `published` datetime(0) NOT NULL DEFAULT current_timestamp(0),
  `modified` datetime(0) NULL DEFAULT NULL ON UPDATE CURRENT_TIMESTAMP(0),
  `status` tinyint(1) NOT NULL DEFAULT 1 COMMENT '-1: Scheduled, 0: Draft, 1: Published',
  `img` varchar(255) CHARACTER SET utf8 COLLATE utf8_general_ci NULL DEFAULT NULL,
  PRIMARY KEY (`id`) USING BTREE,
  INDEX `category`(`category`) USING BTREE,
  FULLTEXT INDEX `article_title_and_content`(`title`, `content`),
  CONSTRAINT `articles_ibfk_1` FOREIGN KEY (`category`) REFERENCES `categories` (`id`) ON DELETE RESTRICT ON UPDATE CASCADE
) ENGINE = InnoDB AUTO_INCREMENT = 6 CHARACTER SET = utf8 COLLATE = utf8_general_ci ROW_FORMAT = Dynamic;

-- ----------------------------
-- Records of articles
-- ----------------------------
INSERT INTO `articles` VALUES (1, 'Menakjubkan, Begini Potret Romawi Kuno Abad IV', 'menakjubkan-begini-potret-romawi-kuno-abad-iv', 1, '&lt;p&gt;Ibu kota Italia, Roma memang menjadi bagian penting tumbuh kembang peradaban dunia. Kota itu juga menjadi bagian lambang kejayaan Romawi Kuno yang berlangsung selama 12 abad. Sepanjang masa jaya itu, pemerintahan Romawi berganti dari monarki menjadi republik oligarki dan berubah lagi menjadi Kekaisaran Romawi yang digdaya.&lt;/p&gt;\r\n&lt;p&gt;Keberadaan Romawi Kuno menyumbangkan banyak pengembangan di bidang hukum, perang, seni, literatut, arsitektur dan bahasa dalam dunia barat. Tak hanya itu, sejarah Romawi Kuno juga terus memiliki pengaruh besar untuk dunia hingga sekarang ini.&lt;/p&gt;\r\n&lt;p&gt;Salah satu peninggalan sejarah yang menjadi bukti jejak masa kejayaan Romawi Kuno adalah sebuah maket kota Roma abad IV (masa Konstantinus I) yang dikerjakan oleh arkeolog Italo Gismondi berdasarkan penugasan Mussolini. Maket yang dibangun pada tahun 1933 itu menggunakan skala 1:250.&lt;/p&gt;', 'Menakjubkan, Begini Potret Romawi Kuno Abad IV', 'Ibu kota Italia, Roma memang menjadi bagian penting tumbuh kembang peradaban dunia. Kota itu juga menjadi bagian lambang kejayaan Romawi Kuno yang berlangsung selama 12 abad. Sepanjang masa jaya itu, pemerintahan Romawi berganti dari monarki menjadi republik oligarki dan berubah lagi menjadi Kekaisaran Romawi yang digdaya.Keberadaan Romawi Kuno menyumbangkan banyak pengembangan di bidang hukum, perang, seni, literatut, arsitektur dan bahasa dalam dunia barat. Tak hanya itu, sejarah Romawi Kuno juga terus memiliki pengaruh besar untuk dunia hingga sekarang ini.Salah satu peninggalan sejarah yang menjadi bukti jejak masa kejayaan Romawi Kuno adalah sebuah maket kota Roma abad IV (masa Konstantinus I) yang dikerjakan oleh arkeolog Italo Gismondi berdasarkan penugasan Mussolini. Maket yang dibangun pada tahun 1933 itu menggunakan skala 1:250.', 1, '2018-06-09 21:41:46', '2018-06-09 22:05:01', NULL, 1, '25e5d50b92fcb62b50c79c9ffe5ed7ca.jpg');
INSERT INTO `articles` VALUES (2, 'Waspada, 4 Hal Ini Bisa Menyebabkan Kulkas Meledak', 'waspada-4-hal-ini-bisa-menyebabkan-kulkas-meledak', 1, '&lt;p&gt;Untuk keperluan penyimpanan bahan makanan, kulkas menjadi perabotan penting yang wajib ada di setiap rumah. Selain makanan, kulkas juga berfungsi untuk menyimpan minuman dingin agar tetap segar.&lt;/p&gt;', 'Waspada, 4 Hal Ini Bisa Menyebabkan Kulkas Meledak', 'Untuk keperluan penyimpanan bahan makanan, kulkas menjadi perabotan penting yang wajib ada di setiap rumah. Selain makanan, kulkas juga berfungsi untuk menyimpan minuman dingin agar tetap segar.', 0, '2018-06-09 22:07:24', '2018-06-09 22:07:24', NULL, 1, 'c9038e017de7dea141438728353a6f33.png');
INSERT INTO `articles` VALUES (3, 'adasdasdasdasdasdasdasdasd', 'adasdasdasdasdasdasdasdasd', 1, '&lt;p&gt;aasaasdassomoemovmoemoem oekvm omowvmojmoqc oqoqwmowqcmoq qjoeejjm dm di md mdcij mdi mdij mdcm odcm odmocdmodmkm odcm odkc mdock mdokcm okdc kocmodkmodm dock mdock mdcokmcdo mcdo mmcm kcmkckcmkmkmkmkm konvuiefn uyfeb ufb uyfb idm om oem o&lt;/p&gt;', 'adasdasdasdasdasdasdasdasd', 'aasaasdassomoemovmoemoem oekvm omowvmojmoqc oqoqwmowqcmoq qjoeejjm dm di md mdcij mdi mdij mdcm odcm odmocdmodmkm odcm odkc mdock mdokcm okdc kocmodkmodm dock mdock mdcokmcdo mcdo mmcm kcmkckcmkmkmkmkm konvuiefn uyfeb ufb uyfb idm om oem o', 0, '2018-06-09 23:49:49', '2018-06-09 23:49:49', NULL, 1, NULL);
INSERT INTO `articles` VALUES (4, 'ijojijij', 'ijojijij', 1, '&lt;p&gt;teisifism&lt;/p&gt;', 'ijojijij', 'teisifism', 0, '2018-06-09 23:52:24', '2018-06-09 23:52:24', NULL, 1, NULL);
INSERT INTO `articles` VALUES (5, 'qwqeqweqweqeqweqwe', 'qwqeqweqweqeqweqwe', 1, '&lt;p&gt;qweqweqweqeqwe&lt;/p&gt;', 'qwqeqweqweqeqweqwe', 'qweqweqweqeqwe', 0, '2018-06-09 23:54:40', '2018-06-09 23:54:40', NULL, 1, '39a6be1ebb429cc320ad30ac05a689e0.png');

-- ----------------------------
-- Table structure for author_articles
-- ----------------------------
DROP TABLE IF EXISTS `author_articles`;
CREATE TABLE `author_articles`  (
  `id` int(11) NOT NULL AUTO_INCREMENT,
  `article_id` int(11) NOT NULL,
  `author_id` int(11) UNSIGNED NOT NULL,
  PRIMARY KEY (`id`) USING BTREE,
  INDEX `authorarticles_article_id`(`article_id`) USING BTREE,
  INDEX `authorarticles_author_id`(`author_id`) USING BTREE,
  CONSTRAINT `authorarticles_article_id` FOREIGN KEY (`article_id`) REFERENCES `articles` (`id`) ON DELETE CASCADE ON UPDATE CASCADE,
  CONSTRAINT `authorarticles_author_id` FOREIGN KEY (`author_id`) REFERENCES `users` (`id`) ON DELETE CASCADE ON UPDATE CASCADE
) ENGINE = InnoDB AUTO_INCREMENT = 6 CHARACTER SET = utf8 COLLATE = utf8_general_ci ROW_FORMAT = Dynamic;

-- ----------------------------
-- Records of author_articles
-- ----------------------------
INSERT INTO `author_articles` VALUES (1, 1, 1);
INSERT INTO `author_articles` VALUES (2, 2, 1);
INSERT INTO `author_articles` VALUES (3, 3, 1);
INSERT INTO `author_articles` VALUES (4, 4, 1);
INSERT INTO `author_articles` VALUES (5, 5, 1);

-- ----------------------------
-- Table structure for categories
-- ----------------------------
DROP TABLE IF EXISTS `categories`;
CREATE TABLE `categories`  (
  `id` int(11) NOT NULL AUTO_INCREMENT,
  `category_name` varchar(100) CHARACTER SET utf8 COLLATE utf8_general_ci NOT NULL,
  `slug` varchar(100) CHARACTER SET utf8 COLLATE utf8_general_ci NOT NULL,
  `description` text CHARACTER SET utf8 COLLATE utf8_general_ci NULL,
  `created` datetime(0) NOT NULL DEFAULT current_timestamp(0),
  `modified` datetime(0) NULL DEFAULT NULL ON UPDATE CURRENT_TIMESTAMP(0),
  `status` tinyint(1) NOT NULL DEFAULT 1,
  PRIMARY KEY (`id`) USING BTREE
) ENGINE = InnoDB AUTO_INCREMENT = 2 CHARACTER SET = utf8 COLLATE = utf8_general_ci ROW_FORMAT = Dynamic;

-- ----------------------------
-- Records of categories
-- ----------------------------
INSERT INTO `categories` VALUES (1, 'Tips & tricks', 'tips-tricks', NULL, '2018-06-09 19:53:09', NULL, 1);

-- ----------------------------
-- Table structure for ci_sessions_backend
-- ----------------------------
DROP TABLE IF EXISTS `ci_sessions_backend`;
CREATE TABLE `ci_sessions_backend`  (
  `id` varchar(128) CHARACTER SET utf8 COLLATE utf8_general_ci NOT NULL,
  `ip_address` varchar(45) CHARACTER SET utf8 COLLATE utf8_general_ci NOT NULL,
  `timestamp` int(10) UNSIGNED NOT NULL DEFAULT 0,
  `data` blob NOT NULL,
  PRIMARY KEY (`id`) USING BTREE,
  INDEX `ci_sessions_timestamp`(`timestamp`) USING BTREE
) ENGINE = InnoDB CHARACTER SET = utf8 COLLATE = utf8_general_ci ROW_FORMAT = Dynamic;

-- ----------------------------
-- Records of ci_sessions_backend
-- ----------------------------
INSERT INTO `ci_sessions_backend` VALUES ('04i9r57a95f368mimjrt4vlio1thpr65', '::1', 1594833014, 0x5F5F63695F6C6173745F726567656E65726174657C693A313539343833333030313B776562736974655F7661727C613A31353A7B733A31323A22776562736974655F6E616D65223B733A31323A22776562736974655F6E616D65223B733A373A2261646472657373223B733A373A2261646472657373223B733A333A226C6174223B733A333A226C6174223B733A333A226C6E67223B733A333A226C6E67223B733A353A22656D61696C223B733A353A22656D61696C223B733A353A2270686F6E65223B733A353A2270686F6E65223B733A333A22666178223B733A333A22666178223B733A31323A2266616365626F6F6B5F75726C223B733A31323A2266616365626F6F6B5F75726C223B733A31333A22696E7374616772616D5F75726C223B733A31333A22696E7374616772616D5F75726C223B733A31303A22676F6F676C655F75726C223B733A31303A22676F6F676C655F75726C223B733A31313A22747769747465725F75726C223B733A31313A22747769747465725F75726C223B733A31313A22796F75747562655F75726C223B733A31313A22796F75747562655F75726C223B733A373A226269676C6F676F223B733A373A226269676C6F676F223B733A343A226C6F676F223B733A343A226C6F676F223B733A373A2266617669636F6E223B733A373A2266617669636F6E223B7D6964656E746974797C733A373A2272616469747961223B757365726E616D657C733A373A2272616469747961223B656D61696C7C733A32343A2272616469747961406261736B61726164697479612E636F6D223B757365725F69647C733A313A2232223B6F6C645F6C6173745F6C6F67696E7C733A31303A2231353934373131313533223B6C6173745F636865636B7C693A313539343833303535363B);
INSERT INTO `ci_sessions_backend` VALUES ('08gq0c8qt5tbhm5n3roluo5mjr8k8lm8', '::1', 1593938224, 0x5F5F63695F6C6173745F726567656E65726174657C693A313539333933383232343B776562736974655F7661727C613A31353A7B733A31323A22776562736974655F6E616D65223B733A31323A22776562736974655F6E616D65223B733A373A2261646472657373223B733A373A2261646472657373223B733A333A226C6174223B733A333A226C6174223B733A333A226C6E67223B733A333A226C6E67223B733A353A22656D61696C223B733A353A22656D61696C223B733A353A2270686F6E65223B733A353A2270686F6E65223B733A333A22666178223B733A333A22666178223B733A31323A2266616365626F6F6B5F75726C223B733A31323A2266616365626F6F6B5F75726C223B733A31333A22696E7374616772616D5F75726C223B733A31333A22696E7374616772616D5F75726C223B733A31303A22676F6F676C655F75726C223B733A31303A22676F6F676C655F75726C223B733A31313A22747769747465725F75726C223B733A31313A22747769747465725F75726C223B733A31313A22796F75747562655F75726C223B733A31313A22796F75747562655F75726C223B733A373A226269676C6F676F223B733A373A226269676C6F676F223B733A343A226C6F676F223B733A343A226C6F676F223B733A373A2266617669636F6E223B733A373A2266617669636F6E223B7D6964656E746974797C733A373A2272616469747961223B757365726E616D657C733A373A2272616469747961223B656D61696C7C733A32343A2272616469747961406261736B61726164697479612E636F6D223B757365725F69647C733A313A2232223B6F6C645F6C6173745F6C6F67696E7C733A31303A2231353933363831313137223B6C6173745F636865636B7C693A313539333933373439373B);
INSERT INTO `ci_sessions_backend` VALUES ('1nnb7p8kqlr63g5kfrpf23s3g05rc0tb', '::1', 1593546128, 0x5F5F63695F6C6173745F726567656E65726174657C693A313539333534363132383B776562736974655F7661727C613A31353A7B733A31323A22776562736974655F6E616D65223B733A31323A22776562736974655F6E616D65223B733A373A2261646472657373223B733A373A2261646472657373223B733A333A226C6174223B733A333A226C6174223B733A333A226C6E67223B733A333A226C6E67223B733A353A22656D61696C223B733A353A22656D61696C223B733A353A2270686F6E65223B733A353A2270686F6E65223B733A333A22666178223B733A333A22666178223B733A31323A2266616365626F6F6B5F75726C223B733A31323A2266616365626F6F6B5F75726C223B733A31333A22696E7374616772616D5F75726C223B733A31333A22696E7374616772616D5F75726C223B733A31303A22676F6F676C655F75726C223B733A31303A22676F6F676C655F75726C223B733A31313A22747769747465725F75726C223B733A31313A22747769747465725F75726C223B733A31313A22796F75747562655F75726C223B733A31313A22796F75747562655F75726C223B733A373A226269676C6F676F223B733A373A226269676C6F676F223B733A343A226C6F676F223B733A343A226C6F676F223B733A373A2266617669636F6E223B733A373A2266617669636F6E223B7D6964656E746974797C733A373A2272616469747961223B757365726E616D657C733A373A2272616469747961223B656D61696C7C733A32343A2272616469747961406261736B61726164697479612E636F6D223B757365725F69647C733A313A2232223B6F6C645F6C6173745F6C6F67696E7C733A31303A2231353933343738363933223B6C6173745F636865636B7C693A313539333533363934373B);
INSERT INTO `ci_sessions_backend` VALUES ('1vof990hbskrrr6t8klr5jhjspeq6bac', '::1', 1593938322, 0x5F5F63695F6C6173745F726567656E65726174657C693A313539333933383332323B776562736974655F7661727C613A31353A7B733A31323A22776562736974655F6E616D65223B733A31323A22776562736974655F6E616D65223B733A373A2261646472657373223B733A373A2261646472657373223B733A333A226C6174223B733A333A226C6174223B733A333A226C6E67223B733A333A226C6E67223B733A353A22656D61696C223B733A353A22656D61696C223B733A353A2270686F6E65223B733A353A2270686F6E65223B733A333A22666178223B733A333A22666178223B733A31323A2266616365626F6F6B5F75726C223B733A31323A2266616365626F6F6B5F75726C223B733A31333A22696E7374616772616D5F75726C223B733A31333A22696E7374616772616D5F75726C223B733A31303A22676F6F676C655F75726C223B733A31303A22676F6F676C655F75726C223B733A31313A22747769747465725F75726C223B733A31313A22747769747465725F75726C223B733A31313A22796F75747562655F75726C223B733A31313A22796F75747562655F75726C223B733A373A226269676C6F676F223B733A373A226269676C6F676F223B733A343A226C6F676F223B733A343A226C6F676F223B733A373A2266617669636F6E223B733A373A2266617669636F6E223B7D6964656E746974797C733A373A2272616469747961223B757365726E616D657C733A373A2272616469747961223B656D61696C7C733A32343A2272616469747961406261736B61726164697479612E636F6D223B757365725F69647C733A313A2232223B6F6C645F6C6173745F6C6F67696E7C733A31303A2231353933363831313137223B6C6173745F636865636B7C693A313539333933373439373B);
INSERT INTO `ci_sessions_backend` VALUES ('28uv5sphm429ibt1l1h57gtj0r2ieckl', '::1', 1593596593, 0x5F5F63695F6C6173745F726567656E65726174657C693A313539333539363539333B776562736974655F7661727C613A31353A7B733A31323A22776562736974655F6E616D65223B733A31323A22776562736974655F6E616D65223B733A373A2261646472657373223B733A373A2261646472657373223B733A333A226C6174223B733A333A226C6174223B733A333A226C6E67223B733A333A226C6E67223B733A353A22656D61696C223B733A353A22656D61696C223B733A353A2270686F6E65223B733A353A2270686F6E65223B733A333A22666178223B733A333A22666178223B733A31323A2266616365626F6F6B5F75726C223B733A31323A2266616365626F6F6B5F75726C223B733A31333A22696E7374616772616D5F75726C223B733A31333A22696E7374616772616D5F75726C223B733A31303A22676F6F676C655F75726C223B733A31303A22676F6F676C655F75726C223B733A31313A22747769747465725F75726C223B733A31313A22747769747465725F75726C223B733A31313A22796F75747562655F75726C223B733A31313A22796F75747562655F75726C223B733A373A226269676C6F676F223B733A373A226269676C6F676F223B733A343A226C6F676F223B733A343A226C6F676F223B733A373A2266617669636F6E223B733A373A2266617669636F6E223B7D6964656E746974797C733A373A2272616469747961223B757365726E616D657C733A373A2272616469747961223B656D61696C7C733A32343A2272616469747961406261736B61726164697479612E636F6D223B757365725F69647C733A313A2232223B6F6C645F6C6173745F6C6F67696E7C733A31303A2231353933353336393437223B6C6173745F636865636B7C693A313539333539333633363B);
INSERT INTO `ci_sessions_backend` VALUES ('2pjq2bqr4fsf7f7aqo73vv3ajlsp4m6s', '::1', 1593949395, 0x5F5F63695F6C6173745F726567656E65726174657C693A313539333934393339353B776562736974655F7661727C613A31353A7B733A31323A22776562736974655F6E616D65223B733A31323A22776562736974655F6E616D65223B733A373A2261646472657373223B733A373A2261646472657373223B733A333A226C6174223B733A333A226C6174223B733A333A226C6E67223B733A333A226C6E67223B733A353A22656D61696C223B733A353A22656D61696C223B733A353A2270686F6E65223B733A353A2270686F6E65223B733A333A22666178223B733A333A22666178223B733A31323A2266616365626F6F6B5F75726C223B733A31323A2266616365626F6F6B5F75726C223B733A31333A22696E7374616772616D5F75726C223B733A31333A22696E7374616772616D5F75726C223B733A31303A22676F6F676C655F75726C223B733A31303A22676F6F676C655F75726C223B733A31313A22747769747465725F75726C223B733A31313A22747769747465725F75726C223B733A31313A22796F75747562655F75726C223B733A31313A22796F75747562655F75726C223B733A373A226269676C6F676F223B733A373A226269676C6F676F223B733A343A226C6F676F223B733A343A226C6F676F223B733A373A2266617669636F6E223B733A373A2266617669636F6E223B7D6964656E746974797C733A373A2272616469747961223B757365726E616D657C733A373A2272616469747961223B656D61696C7C733A32343A2272616469747961406261736B61726164697479612E636F6D223B757365725F69647C733A313A2232223B6F6C645F6C6173745F6C6F67696E7C733A31303A2231353933363831313137223B6C6173745F636865636B7C693A313539333933373439373B);
INSERT INTO `ci_sessions_backend` VALUES ('2rjqgrl1gc3lr485tiqlsggorba4sq63', '::1', 1593937969, 0x5F5F63695F6C6173745F726567656E65726174657C693A313539333933373936393B776562736974655F7661727C613A31353A7B733A31323A22776562736974655F6E616D65223B733A31323A22776562736974655F6E616D65223B733A373A2261646472657373223B733A373A2261646472657373223B733A333A226C6174223B733A333A226C6174223B733A333A226C6E67223B733A333A226C6E67223B733A353A22656D61696C223B733A353A22656D61696C223B733A353A2270686F6E65223B733A353A2270686F6E65223B733A333A22666178223B733A333A22666178223B733A31323A2266616365626F6F6B5F75726C223B733A31323A2266616365626F6F6B5F75726C223B733A31333A22696E7374616772616D5F75726C223B733A31333A22696E7374616772616D5F75726C223B733A31303A22676F6F676C655F75726C223B733A31303A22676F6F676C655F75726C223B733A31313A22747769747465725F75726C223B733A31313A22747769747465725F75726C223B733A31313A22796F75747562655F75726C223B733A31313A22796F75747562655F75726C223B733A373A226269676C6F676F223B733A373A226269676C6F676F223B733A343A226C6F676F223B733A343A226C6F676F223B733A373A2266617669636F6E223B733A373A2266617669636F6E223B7D6964656E746974797C733A373A2272616469747961223B757365726E616D657C733A373A2272616469747961223B656D61696C7C733A32343A2272616469747961406261736B61726164697479612E636F6D223B757365725F69647C733A313A2232223B6F6C645F6C6173745F6C6F67696E7C733A31303A2231353933363831313137223B6C6173745F636865636B7C693A313539333933373439373B);
INSERT INTO `ci_sessions_backend` VALUES ('2tidgf537cqocplm5k0tgr5oj7s91665', '::1', 1593543399, 0x5F5F63695F6C6173745F726567656E65726174657C693A313539333534333339393B776562736974655F7661727C613A31353A7B733A31323A22776562736974655F6E616D65223B733A31323A22776562736974655F6E616D65223B733A373A2261646472657373223B733A373A2261646472657373223B733A333A226C6174223B733A333A226C6174223B733A333A226C6E67223B733A333A226C6E67223B733A353A22656D61696C223B733A353A22656D61696C223B733A353A2270686F6E65223B733A353A2270686F6E65223B733A333A22666178223B733A333A22666178223B733A31323A2266616365626F6F6B5F75726C223B733A31323A2266616365626F6F6B5F75726C223B733A31333A22696E7374616772616D5F75726C223B733A31333A22696E7374616772616D5F75726C223B733A31303A22676F6F676C655F75726C223B733A31303A22676F6F676C655F75726C223B733A31313A22747769747465725F75726C223B733A31313A22747769747465725F75726C223B733A31313A22796F75747562655F75726C223B733A31313A22796F75747562655F75726C223B733A373A226269676C6F676F223B733A373A226269676C6F676F223B733A343A226C6F676F223B733A343A226C6F676F223B733A373A2266617669636F6E223B733A373A2266617669636F6E223B7D6964656E746974797C733A373A2272616469747961223B757365726E616D657C733A373A2272616469747961223B656D61696C7C733A32343A2272616469747961406261736B61726164697479612E636F6D223B757365725F69647C733A313A2232223B6F6C645F6C6173745F6C6F67696E7C733A31303A2231353933343738363933223B6C6173745F636865636B7C693A313539333533363934373B);
INSERT INTO `ci_sessions_backend` VALUES ('2vhulpc3tn3v797sv6ulkkddidur5v28', '::1', 1593949847, 0x5F5F63695F6C6173745F726567656E65726174657C693A313539333934393834373B776562736974655F7661727C613A31353A7B733A31323A22776562736974655F6E616D65223B733A31323A22776562736974655F6E616D65223B733A373A2261646472657373223B733A373A2261646472657373223B733A333A226C6174223B733A333A226C6174223B733A333A226C6E67223B733A333A226C6E67223B733A353A22656D61696C223B733A353A22656D61696C223B733A353A2270686F6E65223B733A353A2270686F6E65223B733A333A22666178223B733A333A22666178223B733A31323A2266616365626F6F6B5F75726C223B733A31323A2266616365626F6F6B5F75726C223B733A31333A22696E7374616772616D5F75726C223B733A31333A22696E7374616772616D5F75726C223B733A31303A22676F6F676C655F75726C223B733A31303A22676F6F676C655F75726C223B733A31313A22747769747465725F75726C223B733A31313A22747769747465725F75726C223B733A31313A22796F75747562655F75726C223B733A31313A22796F75747562655F75726C223B733A373A226269676C6F676F223B733A373A226269676C6F676F223B733A343A226C6F676F223B733A343A226C6F676F223B733A373A2266617669636F6E223B733A373A2266617669636F6E223B7D6964656E746974797C733A373A2272616469747961223B757365726E616D657C733A373A2272616469747961223B656D61696C7C733A32343A2272616469747961406261736B61726164697479612E636F6D223B757365725F69647C733A313A2232223B6F6C645F6C6173745F6C6F67696E7C733A31303A2231353933363831313137223B6C6173745F636865636B7C693A313539333933373439373B);
INSERT INTO `ci_sessions_backend` VALUES ('35rb707acgnm7n6vg22uc8877br38vmp', '::1', 1593938919, 0x5F5F63695F6C6173745F726567656E65726174657C693A313539333933383931393B776562736974655F7661727C613A31353A7B733A31323A22776562736974655F6E616D65223B733A31323A22776562736974655F6E616D65223B733A373A2261646472657373223B733A373A2261646472657373223B733A333A226C6174223B733A333A226C6174223B733A333A226C6E67223B733A333A226C6E67223B733A353A22656D61696C223B733A353A22656D61696C223B733A353A2270686F6E65223B733A353A2270686F6E65223B733A333A22666178223B733A333A22666178223B733A31323A2266616365626F6F6B5F75726C223B733A31323A2266616365626F6F6B5F75726C223B733A31333A22696E7374616772616D5F75726C223B733A31333A22696E7374616772616D5F75726C223B733A31303A22676F6F676C655F75726C223B733A31303A22676F6F676C655F75726C223B733A31313A22747769747465725F75726C223B733A31313A22747769747465725F75726C223B733A31313A22796F75747562655F75726C223B733A31313A22796F75747562655F75726C223B733A373A226269676C6F676F223B733A373A226269676C6F676F223B733A343A226C6F676F223B733A343A226C6F676F223B733A373A2266617669636F6E223B733A373A2266617669636F6E223B7D6964656E746974797C733A373A2272616469747961223B757365726E616D657C733A373A2272616469747961223B656D61696C7C733A32343A2272616469747961406261736B61726164697479612E636F6D223B757365725F69647C733A313A2232223B6F6C645F6C6173745F6C6F67696E7C733A31303A2231353933363831313137223B6C6173745F636865636B7C693A313539333933373439373B);
INSERT INTO `ci_sessions_backend` VALUES ('3h61tcu00faftt07k7rbooa4dhv7bubp', '::1', 1593938545, 0x5F5F63695F6C6173745F726567656E65726174657C693A313539333933383534353B776562736974655F7661727C613A31353A7B733A31323A22776562736974655F6E616D65223B733A31323A22776562736974655F6E616D65223B733A373A2261646472657373223B733A373A2261646472657373223B733A333A226C6174223B733A333A226C6174223B733A333A226C6E67223B733A333A226C6E67223B733A353A22656D61696C223B733A353A22656D61696C223B733A353A2270686F6E65223B733A353A2270686F6E65223B733A333A22666178223B733A333A22666178223B733A31323A2266616365626F6F6B5F75726C223B733A31323A2266616365626F6F6B5F75726C223B733A31333A22696E7374616772616D5F75726C223B733A31333A22696E7374616772616D5F75726C223B733A31303A22676F6F676C655F75726C223B733A31303A22676F6F676C655F75726C223B733A31313A22747769747465725F75726C223B733A31313A22747769747465725F75726C223B733A31313A22796F75747562655F75726C223B733A31313A22796F75747562655F75726C223B733A373A226269676C6F676F223B733A373A226269676C6F676F223B733A343A226C6F676F223B733A343A226C6F676F223B733A373A2266617669636F6E223B733A373A2266617669636F6E223B7D6964656E746974797C733A373A2272616469747961223B757365726E616D657C733A373A2272616469747961223B656D61696C7C733A32343A2272616469747961406261736B61726164697479612E636F6D223B757365725F69647C733A313A2232223B6F6C645F6C6173745F6C6F67696E7C733A31303A2231353933363831313137223B6C6173745F636865636B7C693A313539333933373439373B);
INSERT INTO `ci_sessions_backend` VALUES ('4f0gmujcil0416e3vh1j443h8b1b3l0g', '::1', 1593949265, 0x5F5F63695F6C6173745F726567656E65726174657C693A313539333934393236353B776562736974655F7661727C613A31353A7B733A31323A22776562736974655F6E616D65223B733A31323A22776562736974655F6E616D65223B733A373A2261646472657373223B733A373A2261646472657373223B733A333A226C6174223B733A333A226C6174223B733A333A226C6E67223B733A333A226C6E67223B733A353A22656D61696C223B733A353A22656D61696C223B733A353A2270686F6E65223B733A353A2270686F6E65223B733A333A22666178223B733A333A22666178223B733A31323A2266616365626F6F6B5F75726C223B733A31323A2266616365626F6F6B5F75726C223B733A31333A22696E7374616772616D5F75726C223B733A31333A22696E7374616772616D5F75726C223B733A31303A22676F6F676C655F75726C223B733A31303A22676F6F676C655F75726C223B733A31313A22747769747465725F75726C223B733A31313A22747769747465725F75726C223B733A31313A22796F75747562655F75726C223B733A31313A22796F75747562655F75726C223B733A373A226269676C6F676F223B733A373A226269676C6F676F223B733A343A226C6F676F223B733A343A226C6F676F223B733A373A2266617669636F6E223B733A373A2266617669636F6E223B7D6964656E746974797C733A373A2272616469747961223B757365726E616D657C733A373A2272616469747961223B656D61696C7C733A32343A2272616469747961406261736B61726164697479612E636F6D223B757365725F69647C733A313A2232223B6F6C645F6C6173745F6C6F67696E7C733A31303A2231353933363831313137223B6C6173745F636865636B7C693A313539333933373439373B);
INSERT INTO `ci_sessions_backend` VALUES ('5cag93ftbiqi4ifk5taa5115ahpn449u', '::1', 1593937487, 0x5F5F63695F6C6173745F726567656E65726174657C693A313539333933373438373B776562736974655F7661727C613A31353A7B733A31323A22776562736974655F6E616D65223B733A31323A22776562736974655F6E616D65223B733A373A2261646472657373223B733A373A2261646472657373223B733A333A226C6174223B733A333A226C6174223B733A333A226C6E67223B733A333A226C6E67223B733A353A22656D61696C223B733A353A22656D61696C223B733A353A2270686F6E65223B733A353A2270686F6E65223B733A333A22666178223B733A333A22666178223B733A31323A2266616365626F6F6B5F75726C223B733A31323A2266616365626F6F6B5F75726C223B733A31333A22696E7374616772616D5F75726C223B733A31333A22696E7374616772616D5F75726C223B733A31303A22676F6F676C655F75726C223B733A31303A22676F6F676C655F75726C223B733A31313A22747769747465725F75726C223B733A31313A22747769747465725F75726C223B733A31313A22796F75747562655F75726C223B733A31313A22796F75747562655F75726C223B733A373A226269676C6F676F223B733A373A226269676C6F676F223B733A343A226C6F676F223B733A343A226C6F676F223B733A373A2266617669636F6E223B733A373A2266617669636F6E223B7D);
INSERT INTO `ci_sessions_backend` VALUES ('5mb6oi8melhkue51bm9dbd0lna0lqtgg', '::1', 1593537020, 0x5F5F63695F6C6173745F726567656E65726174657C693A313539333533373032303B776562736974655F7661727C613A31353A7B733A31323A22776562736974655F6E616D65223B733A31323A22776562736974655F6E616D65223B733A373A2261646472657373223B733A373A2261646472657373223B733A333A226C6174223B733A333A226C6174223B733A333A226C6E67223B733A333A226C6E67223B733A353A22656D61696C223B733A353A22656D61696C223B733A353A2270686F6E65223B733A353A2270686F6E65223B733A333A22666178223B733A333A22666178223B733A31323A2266616365626F6F6B5F75726C223B733A31323A2266616365626F6F6B5F75726C223B733A31333A22696E7374616772616D5F75726C223B733A31333A22696E7374616772616D5F75726C223B733A31303A22676F6F676C655F75726C223B733A31303A22676F6F676C655F75726C223B733A31313A22747769747465725F75726C223B733A31313A22747769747465725F75726C223B733A31313A22796F75747562655F75726C223B733A31313A22796F75747562655F75726C223B733A373A226269676C6F676F223B733A373A226269676C6F676F223B733A343A226C6F676F223B733A343A226C6F676F223B733A373A2266617669636F6E223B733A373A2266617669636F6E223B7D6964656E746974797C733A373A2272616469747961223B757365726E616D657C733A373A2272616469747961223B656D61696C7C733A32343A2272616469747961406261736B61726164697479612E636F6D223B757365725F69647C733A313A2232223B6F6C645F6C6173745F6C6F67696E7C733A31303A2231353933343738363933223B6C6173745F636865636B7C693A313539333533363934373B);
INSERT INTO `ci_sessions_backend` VALUES ('7ruc83lkpp1u8kk7jvntbcf71rirfqd9', '::1', 1593949941, 0x5F5F63695F6C6173745F726567656E65726174657C693A313539333934393934313B776562736974655F7661727C613A31353A7B733A31323A22776562736974655F6E616D65223B733A31323A22776562736974655F6E616D65223B733A373A2261646472657373223B733A373A2261646472657373223B733A333A226C6174223B733A333A226C6174223B733A333A226C6E67223B733A333A226C6E67223B733A353A22656D61696C223B733A353A22656D61696C223B733A353A2270686F6E65223B733A353A2270686F6E65223B733A333A22666178223B733A333A22666178223B733A31323A2266616365626F6F6B5F75726C223B733A31323A2266616365626F6F6B5F75726C223B733A31333A22696E7374616772616D5F75726C223B733A31333A22696E7374616772616D5F75726C223B733A31303A22676F6F676C655F75726C223B733A31303A22676F6F676C655F75726C223B733A31313A22747769747465725F75726C223B733A31313A22747769747465725F75726C223B733A31313A22796F75747562655F75726C223B733A31313A22796F75747562655F75726C223B733A373A226269676C6F676F223B733A373A226269676C6F676F223B733A343A226C6F676F223B733A343A226C6F676F223B733A373A2266617669636F6E223B733A373A2266617669636F6E223B7D6964656E746974797C733A373A2272616469747961223B757365726E616D657C733A373A2272616469747961223B656D61696C7C733A32343A2272616469747961406261736B61726164697479612E636F6D223B757365725F69647C733A313A2232223B6F6C645F6C6173745F6C6F67696E7C733A31303A2231353933363831313137223B6C6173745F636865636B7C693A313539333933373439373B);
INSERT INTO `ci_sessions_backend` VALUES ('94s4cfqrd9fmbbsk5u041ceka3qm9tkp', '::1', 1593940581, 0x5F5F63695F6C6173745F726567656E65726174657C693A313539333934303538313B776562736974655F7661727C613A31353A7B733A31323A22776562736974655F6E616D65223B733A31323A22776562736974655F6E616D65223B733A373A2261646472657373223B733A373A2261646472657373223B733A333A226C6174223B733A333A226C6174223B733A333A226C6E67223B733A333A226C6E67223B733A353A22656D61696C223B733A353A22656D61696C223B733A353A2270686F6E65223B733A353A2270686F6E65223B733A333A22666178223B733A333A22666178223B733A31323A2266616365626F6F6B5F75726C223B733A31323A2266616365626F6F6B5F75726C223B733A31333A22696E7374616772616D5F75726C223B733A31333A22696E7374616772616D5F75726C223B733A31303A22676F6F676C655F75726C223B733A31303A22676F6F676C655F75726C223B733A31313A22747769747465725F75726C223B733A31313A22747769747465725F75726C223B733A31313A22796F75747562655F75726C223B733A31313A22796F75747562655F75726C223B733A373A226269676C6F676F223B733A373A226269676C6F676F223B733A343A226C6F676F223B733A343A226C6F676F223B733A373A2266617669636F6E223B733A373A2266617669636F6E223B7D6964656E746974797C733A373A2272616469747961223B757365726E616D657C733A373A2272616469747961223B656D61696C7C733A32343A2272616469747961406261736B61726164697479612E636F6D223B757365725F69647C733A313A2232223B6F6C645F6C6173745F6C6F67696E7C733A31303A2231353933363831313137223B6C6173745F636865636B7C693A313539333933373439373B);
INSERT INTO `ci_sessions_backend` VALUES ('974futif721opktaj7von57a06k72fnm', '::1', 1593949954, 0x5F5F63695F6C6173745F726567656E65726174657C693A313539333934393934313B776562736974655F7661727C613A31353A7B733A31323A22776562736974655F6E616D65223B733A31323A22776562736974655F6E616D65223B733A373A2261646472657373223B733A373A2261646472657373223B733A333A226C6174223B733A333A226C6174223B733A333A226C6E67223B733A333A226C6E67223B733A353A22656D61696C223B733A353A22656D61696C223B733A353A2270686F6E65223B733A353A2270686F6E65223B733A333A22666178223B733A333A22666178223B733A31323A2266616365626F6F6B5F75726C223B733A31323A2266616365626F6F6B5F75726C223B733A31333A22696E7374616772616D5F75726C223B733A31333A22696E7374616772616D5F75726C223B733A31303A22676F6F676C655F75726C223B733A31303A22676F6F676C655F75726C223B733A31313A22747769747465725F75726C223B733A31313A22747769747465725F75726C223B733A31313A22796F75747562655F75726C223B733A31313A22796F75747562655F75726C223B733A373A226269676C6F676F223B733A373A226269676C6F676F223B733A343A226C6F676F223B733A343A226C6F676F223B733A373A2266617669636F6E223B733A373A2266617669636F6E223B7D6964656E746974797C733A373A2272616469747961223B757365726E616D657C733A373A2272616469747961223B656D61696C7C733A32343A2272616469747961406261736B61726164697479612E636F6D223B757365725F69647C733A313A2232223B6F6C645F6C6173745F6C6F67696E7C733A31303A2231353933363831313137223B6C6173745F636865636B7C693A313539333933373439373B);
INSERT INTO `ci_sessions_backend` VALUES ('al1aivc4e94chstof511vkhka4sob40o', '::1', 1593949130, 0x5F5F63695F6C6173745F726567656E65726174657C693A313539333934393133303B776562736974655F7661727C613A31353A7B733A31323A22776562736974655F6E616D65223B733A31323A22776562736974655F6E616D65223B733A373A2261646472657373223B733A373A2261646472657373223B733A333A226C6174223B733A333A226C6174223B733A333A226C6E67223B733A333A226C6E67223B733A353A22656D61696C223B733A353A22656D61696C223B733A353A2270686F6E65223B733A353A2270686F6E65223B733A333A22666178223B733A333A22666178223B733A31323A2266616365626F6F6B5F75726C223B733A31323A2266616365626F6F6B5F75726C223B733A31333A22696E7374616772616D5F75726C223B733A31333A22696E7374616772616D5F75726C223B733A31303A22676F6F676C655F75726C223B733A31303A22676F6F676C655F75726C223B733A31313A22747769747465725F75726C223B733A31313A22747769747465725F75726C223B733A31313A22796F75747562655F75726C223B733A31313A22796F75747562655F75726C223B733A373A226269676C6F676F223B733A373A226269676C6F676F223B733A343A226C6F676F223B733A343A226C6F676F223B733A373A2266617669636F6E223B733A373A2266617669636F6E223B7D6964656E746974797C733A373A2272616469747961223B757365726E616D657C733A373A2272616469747961223B656D61696C7C733A32343A2272616469747961406261736B61726164697479612E636F6D223B757365725F69647C733A313A2232223B6F6C645F6C6173745F6C6F67696E7C733A31303A2231353933363831313137223B6C6173745F636865636B7C693A313539333933373439373B);
INSERT INTO `ci_sessions_backend` VALUES ('atkr5u60jdi2dg7t7s2rigjgrvi809r8', '::1', 1593939706, 0x5F5F63695F6C6173745F726567656E65726174657C693A313539333933393730363B776562736974655F7661727C613A31353A7B733A31323A22776562736974655F6E616D65223B733A31323A22776562736974655F6E616D65223B733A373A2261646472657373223B733A373A2261646472657373223B733A333A226C6174223B733A333A226C6174223B733A333A226C6E67223B733A333A226C6E67223B733A353A22656D61696C223B733A353A22656D61696C223B733A353A2270686F6E65223B733A353A2270686F6E65223B733A333A22666178223B733A333A22666178223B733A31323A2266616365626F6F6B5F75726C223B733A31323A2266616365626F6F6B5F75726C223B733A31333A22696E7374616772616D5F75726C223B733A31333A22696E7374616772616D5F75726C223B733A31303A22676F6F676C655F75726C223B733A31303A22676F6F676C655F75726C223B733A31313A22747769747465725F75726C223B733A31313A22747769747465725F75726C223B733A31313A22796F75747562655F75726C223B733A31313A22796F75747562655F75726C223B733A373A226269676C6F676F223B733A373A226269676C6F676F223B733A343A226C6F676F223B733A343A226C6F676F223B733A373A2266617669636F6E223B733A373A2266617669636F6E223B7D6964656E746974797C733A373A2272616469747961223B757365726E616D657C733A373A2272616469747961223B656D61696C7C733A32343A2272616469747961406261736B61726164697479612E636F6D223B757365725F69647C733A313A2232223B6F6C645F6C6173745F6C6F67696E7C733A31303A2231353933363831313137223B6C6173745F636865636B7C693A313539333933373439373B);
INSERT INTO `ci_sessions_backend` VALUES ('brtkuv2rl0lgug5vlf4j0dcq088ol5ub', '::1', 1594830696, 0x5F5F63695F6C6173745F726567656E65726174657C693A313539343833303639363B776562736974655F7661727C613A31353A7B733A31323A22776562736974655F6E616D65223B733A31323A22776562736974655F6E616D65223B733A373A2261646472657373223B733A373A2261646472657373223B733A333A226C6174223B733A333A226C6174223B733A333A226C6E67223B733A333A226C6E67223B733A353A22656D61696C223B733A353A22656D61696C223B733A353A2270686F6E65223B733A353A2270686F6E65223B733A333A22666178223B733A333A22666178223B733A31323A2266616365626F6F6B5F75726C223B733A31323A2266616365626F6F6B5F75726C223B733A31333A22696E7374616772616D5F75726C223B733A31333A22696E7374616772616D5F75726C223B733A31303A22676F6F676C655F75726C223B733A31303A22676F6F676C655F75726C223B733A31313A22747769747465725F75726C223B733A31313A22747769747465725F75726C223B733A31313A22796F75747562655F75726C223B733A31313A22796F75747562655F75726C223B733A373A226269676C6F676F223B733A373A226269676C6F676F223B733A343A226C6F676F223B733A343A226C6F676F223B733A373A2266617669636F6E223B733A373A2266617669636F6E223B7D6964656E746974797C733A373A2272616469747961223B757365726E616D657C733A373A2272616469747961223B656D61696C7C733A32343A2272616469747961406261736B61726164697479612E636F6D223B757365725F69647C733A313A2232223B6F6C645F6C6173745F6C6F67696E7C733A31303A2231353934373131313533223B6C6173745F636865636B7C693A313539343833303535363B);
INSERT INTO `ci_sessions_backend` VALUES ('c0jefmtr2khsrph1ra2anus1j0568dkc', '::1', 1594711129, 0x5F5F63695F6C6173745F726567656E65726174657C693A313539343731313132393B776562736974655F7661727C613A31353A7B733A31323A22776562736974655F6E616D65223B733A31323A22776562736974655F6E616D65223B733A373A2261646472657373223B733A373A2261646472657373223B733A333A226C6174223B733A333A226C6174223B733A333A226C6E67223B733A333A226C6E67223B733A353A22656D61696C223B733A353A22656D61696C223B733A353A2270686F6E65223B733A353A2270686F6E65223B733A333A22666178223B733A333A22666178223B733A31323A2266616365626F6F6B5F75726C223B733A31323A2266616365626F6F6B5F75726C223B733A31333A22696E7374616772616D5F75726C223B733A31333A22696E7374616772616D5F75726C223B733A31303A22676F6F676C655F75726C223B733A31303A22676F6F676C655F75726C223B733A31313A22747769747465725F75726C223B733A31313A22747769747465725F75726C223B733A31313A22796F75747562655F75726C223B733A31313A22796F75747562655F75726C223B733A373A226269676C6F676F223B733A373A226269676C6F676F223B733A343A226C6F676F223B733A343A226C6F676F223B733A373A2266617669636F6E223B733A373A2266617669636F6E223B7D);
INSERT INTO `ci_sessions_backend` VALUES ('do6jrilcjbfsmjuar6mnpb9jsichhdss', '::1', 1593682108, 0x5F5F63695F6C6173745F726567656E65726174657C693A313539333638323039343B776562736974655F7661727C613A31353A7B733A31323A22776562736974655F6E616D65223B733A31323A22776562736974655F6E616D65223B733A373A2261646472657373223B733A373A2261646472657373223B733A333A226C6174223B733A333A226C6174223B733A333A226C6E67223B733A333A226C6E67223B733A353A22656D61696C223B733A353A22656D61696C223B733A353A2270686F6E65223B733A353A2270686F6E65223B733A333A22666178223B733A333A22666178223B733A31323A2266616365626F6F6B5F75726C223B733A31323A2266616365626F6F6B5F75726C223B733A31333A22696E7374616772616D5F75726C223B733A31333A22696E7374616772616D5F75726C223B733A31303A22676F6F676C655F75726C223B733A31303A22676F6F676C655F75726C223B733A31313A22747769747465725F75726C223B733A31313A22747769747465725F75726C223B733A31313A22796F75747562655F75726C223B733A31313A22796F75747562655F75726C223B733A373A226269676C6F676F223B733A373A226269676C6F676F223B733A343A226C6F676F223B733A343A226C6F676F223B733A373A2266617669636F6E223B733A373A2266617669636F6E223B7D6964656E746974797C733A373A2272616469747961223B757365726E616D657C733A373A2272616469747961223B656D61696C7C733A32343A2272616469747961406261736B61726164697479612E636F6D223B757365725F69647C733A313A2232223B6F6C645F6C6173745F6C6F67696E7C733A31303A2231353933353933363336223B6C6173745F636865636B7C693A313539333638313131373B);
INSERT INTO `ci_sessions_backend` VALUES ('eglf7paorgcuslkrae1lpqpnsqa4p1tl', '::1', 1593596726, 0x5F5F63695F6C6173745F726567656E65726174657C693A313539333539363730313B776562736974655F7661727C613A31353A7B733A31323A22776562736974655F6E616D65223B733A31323A22776562736974655F6E616D65223B733A373A2261646472657373223B733A373A2261646472657373223B733A333A226C6174223B733A333A226C6174223B733A333A226C6E67223B733A333A226C6E67223B733A353A22656D61696C223B733A353A22656D61696C223B733A353A2270686F6E65223B733A353A2270686F6E65223B733A333A22666178223B733A333A22666178223B733A31323A2266616365626F6F6B5F75726C223B733A31323A2266616365626F6F6B5F75726C223B733A31333A22696E7374616772616D5F75726C223B733A31333A22696E7374616772616D5F75726C223B733A31303A22676F6F676C655F75726C223B733A31303A22676F6F676C655F75726C223B733A31313A22747769747465725F75726C223B733A31313A22747769747465725F75726C223B733A31313A22796F75747562655F75726C223B733A31313A22796F75747562655F75726C223B733A373A226269676C6F676F223B733A373A226269676C6F676F223B733A343A226C6F676F223B733A343A226C6F676F223B733A373A2266617669636F6E223B733A373A2266617669636F6E223B7D6964656E746974797C733A373A2272616469747961223B757365726E616D657C733A373A2272616469747961223B656D61696C7C733A32343A2272616469747961406261736B61726164697479612E636F6D223B757365725F69647C733A313A2232223B6F6C645F6C6173745F6C6F67696E7C733A31303A2231353933353336393437223B6C6173745F636865636B7C693A313539333539333633363B);
INSERT INTO `ci_sessions_backend` VALUES ('ehkk9rt3bvhrbam4sd84105fbonpnngs', '::1', 1593937892, 0x5F5F63695F6C6173745F726567656E65726174657C693A313539333933373839323B776562736974655F7661727C613A31353A7B733A31323A22776562736974655F6E616D65223B733A31323A22776562736974655F6E616D65223B733A373A2261646472657373223B733A373A2261646472657373223B733A333A226C6174223B733A333A226C6174223B733A333A226C6E67223B733A333A226C6E67223B733A353A22656D61696C223B733A353A22656D61696C223B733A353A2270686F6E65223B733A353A2270686F6E65223B733A333A22666178223B733A333A22666178223B733A31323A2266616365626F6F6B5F75726C223B733A31323A2266616365626F6F6B5F75726C223B733A31333A22696E7374616772616D5F75726C223B733A31333A22696E7374616772616D5F75726C223B733A31303A22676F6F676C655F75726C223B733A31303A22676F6F676C655F75726C223B733A31313A22747769747465725F75726C223B733A31313A22747769747465725F75726C223B733A31313A22796F75747562655F75726C223B733A31313A22796F75747562655F75726C223B733A373A226269676C6F676F223B733A373A226269676C6F676F223B733A343A226C6F676F223B733A343A226C6F676F223B733A373A2266617669636F6E223B733A373A2266617669636F6E223B7D6964656E746974797C733A373A2272616469747961223B757365726E616D657C733A373A2272616469747961223B656D61696C7C733A32343A2272616469747961406261736B61726164697479612E636F6D223B757365725F69647C733A313A2232223B6F6C645F6C6173745F6C6F67696E7C733A31303A2231353933363831313137223B6C6173745F636865636B7C693A313539333933373439373B);
INSERT INTO `ci_sessions_backend` VALUES ('f66mqgng1haf9h3lqsjjbn2su1bnhi3e', '::1', 1593937822, 0x5F5F63695F6C6173745F726567656E65726174657C693A313539333933373832323B776562736974655F7661727C613A31353A7B733A31323A22776562736974655F6E616D65223B733A31323A22776562736974655F6E616D65223B733A373A2261646472657373223B733A373A2261646472657373223B733A333A226C6174223B733A333A226C6174223B733A333A226C6E67223B733A333A226C6E67223B733A353A22656D61696C223B733A353A22656D61696C223B733A353A2270686F6E65223B733A353A2270686F6E65223B733A333A22666178223B733A333A22666178223B733A31323A2266616365626F6F6B5F75726C223B733A31323A2266616365626F6F6B5F75726C223B733A31333A22696E7374616772616D5F75726C223B733A31333A22696E7374616772616D5F75726C223B733A31303A22676F6F676C655F75726C223B733A31303A22676F6F676C655F75726C223B733A31313A22747769747465725F75726C223B733A31313A22747769747465725F75726C223B733A31313A22796F75747562655F75726C223B733A31313A22796F75747562655F75726C223B733A373A226269676C6F676F223B733A373A226269676C6F676F223B733A343A226C6F676F223B733A343A226C6F676F223B733A373A2266617669636F6E223B733A373A2266617669636F6E223B7D6964656E746974797C733A373A2272616469747961223B757365726E616D657C733A373A2272616469747961223B656D61696C7C733A32343A2272616469747961406261736B61726164697479612E636F6D223B757365725F69647C733A313A2232223B6F6C645F6C6173745F6C6F67696E7C733A31303A2231353933363831313137223B6C6173745F636865636B7C693A313539333933373439373B);
INSERT INTO `ci_sessions_backend` VALUES ('fca7uql20sr7sj0v6gjis874b0hlt43t', '::1', 1593949675, 0x5F5F63695F6C6173745F726567656E65726174657C693A313539333934393637353B776562736974655F7661727C613A31353A7B733A31323A22776562736974655F6E616D65223B733A31323A22776562736974655F6E616D65223B733A373A2261646472657373223B733A373A2261646472657373223B733A333A226C6174223B733A333A226C6174223B733A333A226C6E67223B733A333A226C6E67223B733A353A22656D61696C223B733A353A22656D61696C223B733A353A2270686F6E65223B733A353A2270686F6E65223B733A333A22666178223B733A333A22666178223B733A31323A2266616365626F6F6B5F75726C223B733A31323A2266616365626F6F6B5F75726C223B733A31333A22696E7374616772616D5F75726C223B733A31333A22696E7374616772616D5F75726C223B733A31303A22676F6F676C655F75726C223B733A31303A22676F6F676C655F75726C223B733A31313A22747769747465725F75726C223B733A31313A22747769747465725F75726C223B733A31313A22796F75747562655F75726C223B733A31313A22796F75747562655F75726C223B733A373A226269676C6F676F223B733A373A226269676C6F676F223B733A343A226C6F676F223B733A343A226C6F676F223B733A373A2266617669636F6E223B733A373A2266617669636F6E223B7D6964656E746974797C733A373A2272616469747961223B757365726E616D657C733A373A2272616469747961223B656D61696C7C733A32343A2272616469747961406261736B61726164697479612E636F6D223B757365725F69647C733A313A2232223B6F6C645F6C6173745F6C6F67696E7C733A31303A2231353933363831313137223B6C6173745F636865636B7C693A313539333933373439373B);
INSERT INTO `ci_sessions_backend` VALUES ('fio84jfqmm3172pffshtfp7mgkbkkpdn', '::1', 1593949204, 0x5F5F63695F6C6173745F726567656E65726174657C693A313539333934393230343B776562736974655F7661727C613A31353A7B733A31323A22776562736974655F6E616D65223B733A31323A22776562736974655F6E616D65223B733A373A2261646472657373223B733A373A2261646472657373223B733A333A226C6174223B733A333A226C6174223B733A333A226C6E67223B733A333A226C6E67223B733A353A22656D61696C223B733A353A22656D61696C223B733A353A2270686F6E65223B733A353A2270686F6E65223B733A333A22666178223B733A333A22666178223B733A31323A2266616365626F6F6B5F75726C223B733A31323A2266616365626F6F6B5F75726C223B733A31333A22696E7374616772616D5F75726C223B733A31333A22696E7374616772616D5F75726C223B733A31303A22676F6F676C655F75726C223B733A31303A22676F6F676C655F75726C223B733A31313A22747769747465725F75726C223B733A31313A22747769747465725F75726C223B733A31313A22796F75747562655F75726C223B733A31313A22796F75747562655F75726C223B733A373A226269676C6F676F223B733A373A226269676C6F676F223B733A343A226C6F676F223B733A343A226C6F676F223B733A373A2266617669636F6E223B733A373A2266617669636F6E223B7D6964656E746974797C733A373A2272616469747961223B757365726E616D657C733A373A2272616469747961223B656D61696C7C733A32343A2272616469747961406261736B61726164697479612E636F6D223B757365725F69647C733A313A2232223B6F6C645F6C6173745F6C6F67696E7C733A31303A2231353933363831313137223B6C6173745F636865636B7C693A313539333933373439373B);
INSERT INTO `ci_sessions_backend` VALUES ('gpr036fvhcufj4ce44gom76dj36vvk7m', '::1', 1593939365, 0x5F5F63695F6C6173745F726567656E65726174657C693A313539333933393336353B776562736974655F7661727C613A31353A7B733A31323A22776562736974655F6E616D65223B733A31323A22776562736974655F6E616D65223B733A373A2261646472657373223B733A373A2261646472657373223B733A333A226C6174223B733A333A226C6174223B733A333A226C6E67223B733A333A226C6E67223B733A353A22656D61696C223B733A353A22656D61696C223B733A353A2270686F6E65223B733A353A2270686F6E65223B733A333A22666178223B733A333A22666178223B733A31323A2266616365626F6F6B5F75726C223B733A31323A2266616365626F6F6B5F75726C223B733A31333A22696E7374616772616D5F75726C223B733A31333A22696E7374616772616D5F75726C223B733A31303A22676F6F676C655F75726C223B733A31303A22676F6F676C655F75726C223B733A31313A22747769747465725F75726C223B733A31313A22747769747465725F75726C223B733A31313A22796F75747562655F75726C223B733A31313A22796F75747562655F75726C223B733A373A226269676C6F676F223B733A373A226269676C6F676F223B733A343A226C6F676F223B733A343A226C6F676F223B733A373A2266617669636F6E223B733A373A2266617669636F6E223B7D6964656E746974797C733A373A2272616469747961223B757365726E616D657C733A373A2272616469747961223B656D61696C7C733A32343A2272616469747961406261736B61726164697479612E636F6D223B757365725F69647C733A313A2232223B6F6C645F6C6173745F6C6F67696E7C733A31303A2231353933363831313137223B6C6173745F636865636B7C693A313539333933373439373B);
INSERT INTO `ci_sessions_backend` VALUES ('gru1kjqhsc2c5rcgfkkuuj2l3erlts6e', '::1', 1594830934, 0x5F5F63695F6C6173745F726567656E65726174657C693A313539343833303933343B776562736974655F7661727C613A31353A7B733A31323A22776562736974655F6E616D65223B733A31323A22776562736974655F6E616D65223B733A373A2261646472657373223B733A373A2261646472657373223B733A333A226C6174223B733A333A226C6174223B733A333A226C6E67223B733A333A226C6E67223B733A353A22656D61696C223B733A353A22656D61696C223B733A353A2270686F6E65223B733A353A2270686F6E65223B733A333A22666178223B733A333A22666178223B733A31323A2266616365626F6F6B5F75726C223B733A31323A2266616365626F6F6B5F75726C223B733A31333A22696E7374616772616D5F75726C223B733A31333A22696E7374616772616D5F75726C223B733A31303A22676F6F676C655F75726C223B733A31303A22676F6F676C655F75726C223B733A31313A22747769747465725F75726C223B733A31313A22747769747465725F75726C223B733A31313A22796F75747562655F75726C223B733A31313A22796F75747562655F75726C223B733A373A226269676C6F676F223B733A373A226269676C6F676F223B733A343A226C6F676F223B733A343A226C6F676F223B733A373A2266617669636F6E223B733A373A2266617669636F6E223B7D6964656E746974797C733A373A2272616469747961223B757365726E616D657C733A373A2272616469747961223B656D61696C7C733A32343A2272616469747961406261736B61726164697479612E636F6D223B757365725F69647C733A313A2232223B6F6C645F6C6173745F6C6F67696E7C733A31303A2231353934373131313533223B6C6173745F636865636B7C693A313539343833303535363B);
INSERT INTO `ci_sessions_backend` VALUES ('guok1a7tfi2d4o2u70mkf6v4advmsok0', '::1', 1593949496, 0x5F5F63695F6C6173745F726567656E65726174657C693A313539333934393439363B776562736974655F7661727C613A31353A7B733A31323A22776562736974655F6E616D65223B733A31323A22776562736974655F6E616D65223B733A373A2261646472657373223B733A373A2261646472657373223B733A333A226C6174223B733A333A226C6174223B733A333A226C6E67223B733A333A226C6E67223B733A353A22656D61696C223B733A353A22656D61696C223B733A353A2270686F6E65223B733A353A2270686F6E65223B733A333A22666178223B733A333A22666178223B733A31323A2266616365626F6F6B5F75726C223B733A31323A2266616365626F6F6B5F75726C223B733A31333A22696E7374616772616D5F75726C223B733A31333A22696E7374616772616D5F75726C223B733A31303A22676F6F676C655F75726C223B733A31303A22676F6F676C655F75726C223B733A31313A22747769747465725F75726C223B733A31313A22747769747465725F75726C223B733A31313A22796F75747562655F75726C223B733A31313A22796F75747562655F75726C223B733A373A226269676C6F676F223B733A373A226269676C6F676F223B733A343A226C6F676F223B733A343A226C6F676F223B733A373A2266617669636F6E223B733A373A2266617669636F6E223B7D6964656E746974797C733A373A2272616469747961223B757365726E616D657C733A373A2272616469747961223B656D61696C7C733A32343A2272616469747961406261736B61726164697479612E636F6D223B757365725F69647C733A313A2232223B6F6C645F6C6173745F6C6F67696E7C733A31303A2231353933363831313137223B6C6173745F636865636B7C693A313539333933373439373B);
INSERT INTO `ci_sessions_backend` VALUES ('h3bbskhr2vrouh0t66chgbr02kl6k860', '::1', 1594833001, 0x5F5F63695F6C6173745F726567656E65726174657C693A313539343833333030313B776562736974655F7661727C613A31353A7B733A31323A22776562736974655F6E616D65223B733A31323A22776562736974655F6E616D65223B733A373A2261646472657373223B733A373A2261646472657373223B733A333A226C6174223B733A333A226C6174223B733A333A226C6E67223B733A333A226C6E67223B733A353A22656D61696C223B733A353A22656D61696C223B733A353A2270686F6E65223B733A353A2270686F6E65223B733A333A22666178223B733A333A22666178223B733A31323A2266616365626F6F6B5F75726C223B733A31323A2266616365626F6F6B5F75726C223B733A31333A22696E7374616772616D5F75726C223B733A31333A22696E7374616772616D5F75726C223B733A31303A22676F6F676C655F75726C223B733A31303A22676F6F676C655F75726C223B733A31313A22747769747465725F75726C223B733A31313A22747769747465725F75726C223B733A31313A22796F75747562655F75726C223B733A31313A22796F75747562655F75726C223B733A373A226269676C6F676F223B733A373A226269676C6F676F223B733A343A226C6F676F223B733A343A226C6F676F223B733A373A2266617669636F6E223B733A373A2266617669636F6E223B7D6964656E746974797C733A373A2272616469747961223B757365726E616D657C733A373A2272616469747961223B656D61696C7C733A32343A2272616469747961406261736B61726164697479612E636F6D223B757365725F69647C733A313A2232223B6F6C645F6C6173745F6C6F67696E7C733A31303A2231353934373131313533223B6C6173745F636865636B7C693A313539343833303535363B);
INSERT INTO `ci_sessions_backend` VALUES ('hjv4q43kvlb4s6b0lsk4burusjdcd50u', '::1', 1593681956, 0x5F5F63695F6C6173745F726567656E65726174657C693A313539333638313935363B776562736974655F7661727C613A31353A7B733A31323A22776562736974655F6E616D65223B733A31323A22776562736974655F6E616D65223B733A373A2261646472657373223B733A373A2261646472657373223B733A333A226C6174223B733A333A226C6174223B733A333A226C6E67223B733A333A226C6E67223B733A353A22656D61696C223B733A353A22656D61696C223B733A353A2270686F6E65223B733A353A2270686F6E65223B733A333A22666178223B733A333A22666178223B733A31323A2266616365626F6F6B5F75726C223B733A31323A2266616365626F6F6B5F75726C223B733A31333A22696E7374616772616D5F75726C223B733A31333A22696E7374616772616D5F75726C223B733A31303A22676F6F676C655F75726C223B733A31303A22676F6F676C655F75726C223B733A31313A22747769747465725F75726C223B733A31313A22747769747465725F75726C223B733A31313A22796F75747562655F75726C223B733A31313A22796F75747562655F75726C223B733A373A226269676C6F676F223B733A373A226269676C6F676F223B733A343A226C6F676F223B733A343A226C6F676F223B733A373A2266617669636F6E223B733A373A2266617669636F6E223B7D6964656E746974797C733A373A2272616469747961223B757365726E616D657C733A373A2272616469747961223B656D61696C7C733A32343A2272616469747961406261736B61726164697479612E636F6D223B757365725F69647C733A313A2232223B6F6C645F6C6173745F6C6F67696E7C733A31303A2231353933353933363336223B6C6173745F636865636B7C693A313539333638313131373B);
INSERT INTO `ci_sessions_backend` VALUES ('i8oh6e1p59iqakiq9uf0ivd00gqr992o', '::1', 1593938846, 0x5F5F63695F6C6173745F726567656E65726174657C693A313539333933383834363B776562736974655F7661727C613A31353A7B733A31323A22776562736974655F6E616D65223B733A31323A22776562736974655F6E616D65223B733A373A2261646472657373223B733A373A2261646472657373223B733A333A226C6174223B733A333A226C6174223B733A333A226C6E67223B733A333A226C6E67223B733A353A22656D61696C223B733A353A22656D61696C223B733A353A2270686F6E65223B733A353A2270686F6E65223B733A333A22666178223B733A333A22666178223B733A31323A2266616365626F6F6B5F75726C223B733A31323A2266616365626F6F6B5F75726C223B733A31333A22696E7374616772616D5F75726C223B733A31333A22696E7374616772616D5F75726C223B733A31303A22676F6F676C655F75726C223B733A31303A22676F6F676C655F75726C223B733A31313A22747769747465725F75726C223B733A31313A22747769747465725F75726C223B733A31313A22796F75747562655F75726C223B733A31313A22796F75747562655F75726C223B733A373A226269676C6F676F223B733A373A226269676C6F676F223B733A343A226C6F676F223B733A343A226C6F676F223B733A373A2266617669636F6E223B733A373A2266617669636F6E223B7D6964656E746974797C733A373A2272616469747961223B757365726E616D657C733A373A2272616469747961223B656D61696C7C733A32343A2272616469747961406261736B61726164697479612E636F6D223B757365725F69647C733A313A2232223B6F6C645F6C6173745F6C6F67696E7C733A31303A2231353933363831313137223B6C6173745F636865636B7C693A313539333933373439373B);
INSERT INTO `ci_sessions_backend` VALUES ('ibbvmi60ca6rvrapfvta9t0ho692tt7b', '::1', 1593941576, 0x5F5F63695F6C6173745F726567656E65726174657C693A313539333934313537363B776562736974655F7661727C613A31353A7B733A31323A22776562736974655F6E616D65223B733A31323A22776562736974655F6E616D65223B733A373A2261646472657373223B733A373A2261646472657373223B733A333A226C6174223B733A333A226C6174223B733A333A226C6E67223B733A333A226C6E67223B733A353A22656D61696C223B733A353A22656D61696C223B733A353A2270686F6E65223B733A353A2270686F6E65223B733A333A22666178223B733A333A22666178223B733A31323A2266616365626F6F6B5F75726C223B733A31323A2266616365626F6F6B5F75726C223B733A31333A22696E7374616772616D5F75726C223B733A31333A22696E7374616772616D5F75726C223B733A31303A22676F6F676C655F75726C223B733A31303A22676F6F676C655F75726C223B733A31313A22747769747465725F75726C223B733A31313A22747769747465725F75726C223B733A31313A22796F75747562655F75726C223B733A31313A22796F75747562655F75726C223B733A373A226269676C6F676F223B733A373A226269676C6F676F223B733A343A226C6F676F223B733A343A226C6F676F223B733A373A2266617669636F6E223B733A373A2266617669636F6E223B7D6964656E746974797C733A373A2272616469747961223B757365726E616D657C733A373A2272616469747961223B656D61696C7C733A32343A2272616469747961406261736B61726164697479612E636F6D223B757365725F69647C733A313A2232223B6F6C645F6C6173745F6C6F67696E7C733A31303A2231353933363831313137223B6C6173745F636865636B7C693A313539333933373439373B);
INSERT INTO `ci_sessions_backend` VALUES ('io32ui09rqqt1hcms0p95fhnt7jhelvb', '::1', 1593682094, 0x5F5F63695F6C6173745F726567656E65726174657C693A313539333638323039343B776562736974655F7661727C613A31353A7B733A31323A22776562736974655F6E616D65223B733A31323A22776562736974655F6E616D65223B733A373A2261646472657373223B733A373A2261646472657373223B733A333A226C6174223B733A333A226C6174223B733A333A226C6E67223B733A333A226C6E67223B733A353A22656D61696C223B733A353A22656D61696C223B733A353A2270686F6E65223B733A353A2270686F6E65223B733A333A22666178223B733A333A22666178223B733A31323A2266616365626F6F6B5F75726C223B733A31323A2266616365626F6F6B5F75726C223B733A31333A22696E7374616772616D5F75726C223B733A31333A22696E7374616772616D5F75726C223B733A31303A22676F6F676C655F75726C223B733A31303A22676F6F676C655F75726C223B733A31313A22747769747465725F75726C223B733A31313A22747769747465725F75726C223B733A31313A22796F75747562655F75726C223B733A31313A22796F75747562655F75726C223B733A373A226269676C6F676F223B733A373A226269676C6F676F223B733A343A226C6F676F223B733A343A226C6F676F223B733A373A2266617669636F6E223B733A373A2266617669636F6E223B7D6964656E746974797C733A373A2272616469747961223B757365726E616D657C733A373A2272616469747961223B656D61696C7C733A32343A2272616469747961406261736B61726164697479612E636F6D223B757365725F69647C733A313A2232223B6F6C645F6C6173745F6C6F67696E7C733A31303A2231353933353933363336223B6C6173745F636865636B7C693A313539333638313131373B);
INSERT INTO `ci_sessions_backend` VALUES ('k5318c51ud4cigiqhvogfth8k1n3dscb', '::1', 1593938606, 0x5F5F63695F6C6173745F726567656E65726174657C693A313539333933383630363B776562736974655F7661727C613A31353A7B733A31323A22776562736974655F6E616D65223B733A31323A22776562736974655F6E616D65223B733A373A2261646472657373223B733A373A2261646472657373223B733A333A226C6174223B733A333A226C6174223B733A333A226C6E67223B733A333A226C6E67223B733A353A22656D61696C223B733A353A22656D61696C223B733A353A2270686F6E65223B733A353A2270686F6E65223B733A333A22666178223B733A333A22666178223B733A31323A2266616365626F6F6B5F75726C223B733A31323A2266616365626F6F6B5F75726C223B733A31333A22696E7374616772616D5F75726C223B733A31333A22696E7374616772616D5F75726C223B733A31303A22676F6F676C655F75726C223B733A31303A22676F6F676C655F75726C223B733A31313A22747769747465725F75726C223B733A31313A22747769747465725F75726C223B733A31313A22796F75747562655F75726C223B733A31313A22796F75747562655F75726C223B733A373A226269676C6F676F223B733A373A226269676C6F676F223B733A343A226C6F676F223B733A343A226C6F676F223B733A373A2266617669636F6E223B733A373A2266617669636F6E223B7D6964656E746974797C733A373A2272616469747961223B757365726E616D657C733A373A2272616469747961223B656D61696C7C733A32343A2272616469747961406261736B61726164697479612E636F6D223B757365725F69647C733A313A2232223B6F6C645F6C6173745F6C6F67696E7C733A31303A2231353933363831313137223B6C6173745F636865636B7C693A313539333933373439373B);
INSERT INTO `ci_sessions_backend` VALUES ('k79io1jqqe5itu370o95i7hvlt70s7uv', '::1', 1593949327, 0x5F5F63695F6C6173745F726567656E65726174657C693A313539333934393332373B776562736974655F7661727C613A31353A7B733A31323A22776562736974655F6E616D65223B733A31323A22776562736974655F6E616D65223B733A373A2261646472657373223B733A373A2261646472657373223B733A333A226C6174223B733A333A226C6174223B733A333A226C6E67223B733A333A226C6E67223B733A353A22656D61696C223B733A353A22656D61696C223B733A353A2270686F6E65223B733A353A2270686F6E65223B733A333A22666178223B733A333A22666178223B733A31323A2266616365626F6F6B5F75726C223B733A31323A2266616365626F6F6B5F75726C223B733A31333A22696E7374616772616D5F75726C223B733A31333A22696E7374616772616D5F75726C223B733A31303A22676F6F676C655F75726C223B733A31303A22676F6F676C655F75726C223B733A31313A22747769747465725F75726C223B733A31313A22747769747465725F75726C223B733A31313A22796F75747562655F75726C223B733A31313A22796F75747562655F75726C223B733A373A226269676C6F676F223B733A373A226269676C6F676F223B733A343A226C6F676F223B733A343A226C6F676F223B733A373A2266617669636F6E223B733A373A2266617669636F6E223B7D6964656E746974797C733A373A2272616469747961223B757365726E616D657C733A373A2272616469747961223B656D61696C7C733A32343A2272616469747961406261736B61726164697479612E636F6D223B757365725F69647C733A313A2232223B6F6C645F6C6173745F6C6F67696E7C733A31303A2231353933363831313137223B6C6173745F636865636B7C693A313539333933373439373B);
INSERT INTO `ci_sessions_backend` VALUES ('ktebqtpm3rltcu54clhr69ncg76h80ot', '::1', 1593546130, 0x5F5F63695F6C6173745F726567656E65726174657C693A313539333534363132383B776562736974655F7661727C613A31353A7B733A31323A22776562736974655F6E616D65223B733A31323A22776562736974655F6E616D65223B733A373A2261646472657373223B733A373A2261646472657373223B733A333A226C6174223B733A333A226C6174223B733A333A226C6E67223B733A333A226C6E67223B733A353A22656D61696C223B733A353A22656D61696C223B733A353A2270686F6E65223B733A353A2270686F6E65223B733A333A22666178223B733A333A22666178223B733A31323A2266616365626F6F6B5F75726C223B733A31323A2266616365626F6F6B5F75726C223B733A31333A22696E7374616772616D5F75726C223B733A31333A22696E7374616772616D5F75726C223B733A31303A22676F6F676C655F75726C223B733A31303A22676F6F676C655F75726C223B733A31313A22747769747465725F75726C223B733A31313A22747769747465725F75726C223B733A31313A22796F75747562655F75726C223B733A31313A22796F75747562655F75726C223B733A373A226269676C6F676F223B733A373A226269676C6F676F223B733A343A226C6F676F223B733A343A226C6F676F223B733A373A2266617669636F6E223B733A373A2266617669636F6E223B7D6964656E746974797C733A373A2272616469747961223B757365726E616D657C733A373A2272616469747961223B656D61696C7C733A32343A2272616469747961406261736B61726164697479612E636F6D223B757365725F69647C733A313A2232223B6F6C645F6C6173745F6C6F67696E7C733A31303A2231353933343738363933223B6C6173745F636865636B7C693A313539333533363934373B);
INSERT INTO `ci_sessions_backend` VALUES ('l6lj4k0pt3o6chqjmgk3jdv10okl8f4f', '::1', 1593946213, 0x5F5F63695F6C6173745F726567656E65726174657C693A313539333934363231333B776562736974655F7661727C613A31353A7B733A31323A22776562736974655F6E616D65223B733A31323A22776562736974655F6E616D65223B733A373A2261646472657373223B733A373A2261646472657373223B733A333A226C6174223B733A333A226C6174223B733A333A226C6E67223B733A333A226C6E67223B733A353A22656D61696C223B733A353A22656D61696C223B733A353A2270686F6E65223B733A353A2270686F6E65223B733A333A22666178223B733A333A22666178223B733A31323A2266616365626F6F6B5F75726C223B733A31323A2266616365626F6F6B5F75726C223B733A31333A22696E7374616772616D5F75726C223B733A31333A22696E7374616772616D5F75726C223B733A31303A22676F6F676C655F75726C223B733A31303A22676F6F676C655F75726C223B733A31313A22747769747465725F75726C223B733A31313A22747769747465725F75726C223B733A31313A22796F75747562655F75726C223B733A31313A22796F75747562655F75726C223B733A373A226269676C6F676F223B733A373A226269676C6F676F223B733A343A226C6F676F223B733A343A226C6F676F223B733A373A2266617669636F6E223B733A373A2266617669636F6E223B7D6964656E746974797C733A373A2272616469747961223B757365726E616D657C733A373A2272616469747961223B656D61696C7C733A32343A2272616469747961406261736B61726164697479612E636F6D223B757365725F69647C733A313A2232223B6F6C645F6C6173745F6C6F67696E7C733A31303A2231353933363831313137223B6C6173745F636865636B7C693A313539333933373439373B);
INSERT INTO `ci_sessions_backend` VALUES ('lm6cn1l576vo9qilh1hslr6gm9ghesjm', '::1', 1594711156, 0x5F5F63695F6C6173745F726567656E65726174657C693A313539343731313132393B776562736974655F7661727C613A31353A7B733A31323A22776562736974655F6E616D65223B733A31323A22776562736974655F6E616D65223B733A373A2261646472657373223B733A373A2261646472657373223B733A333A226C6174223B733A333A226C6174223B733A333A226C6E67223B733A333A226C6E67223B733A353A22656D61696C223B733A353A22656D61696C223B733A353A2270686F6E65223B733A353A2270686F6E65223B733A333A22666178223B733A333A22666178223B733A31323A2266616365626F6F6B5F75726C223B733A31323A2266616365626F6F6B5F75726C223B733A31333A22696E7374616772616D5F75726C223B733A31333A22696E7374616772616D5F75726C223B733A31303A22676F6F676C655F75726C223B733A31303A22676F6F676C655F75726C223B733A31313A22747769747465725F75726C223B733A31313A22747769747465725F75726C223B733A31313A22796F75747562655F75726C223B733A31313A22796F75747562655F75726C223B733A373A226269676C6F676F223B733A373A226269676C6F676F223B733A343A226C6F676F223B733A343A226C6F676F223B733A373A2266617669636F6E223B733A373A2266617669636F6E223B7D6964656E746974797C733A373A2272616469747961223B757365726E616D657C733A373A2272616469747961223B656D61696C7C733A32343A2272616469747961406261736B61726164697479612E636F6D223B757365725F69647C733A313A2232223B6F6C645F6C6173745F6C6F67696E7C733A31303A2231353933393337343937223B6C6173745F636865636B7C693A313539343731313135333B);
INSERT INTO `ci_sessions_backend` VALUES ('o0et0tbolvmnd12rv7le4ms200a73i6e', '::1', 1593537194, 0x5F5F63695F6C6173745F726567656E65726174657C693A313539333533373139343B776562736974655F7661727C613A31353A7B733A31323A22776562736974655F6E616D65223B733A31323A22776562736974655F6E616D65223B733A373A2261646472657373223B733A373A2261646472657373223B733A333A226C6174223B733A333A226C6174223B733A333A226C6E67223B733A333A226C6E67223B733A353A22656D61696C223B733A353A22656D61696C223B733A353A2270686F6E65223B733A353A2270686F6E65223B733A333A22666178223B733A333A22666178223B733A31323A2266616365626F6F6B5F75726C223B733A31323A2266616365626F6F6B5F75726C223B733A31333A22696E7374616772616D5F75726C223B733A31333A22696E7374616772616D5F75726C223B733A31303A22676F6F676C655F75726C223B733A31303A22676F6F676C655F75726C223B733A31313A22747769747465725F75726C223B733A31313A22747769747465725F75726C223B733A31313A22796F75747562655F75726C223B733A31313A22796F75747562655F75726C223B733A373A226269676C6F676F223B733A373A226269676C6F676F223B733A343A226C6F676F223B733A343A226C6F676F223B733A373A2266617669636F6E223B733A373A2266617669636F6E223B7D6964656E746974797C733A373A2272616469747961223B757365726E616D657C733A373A2272616469747961223B656D61696C7C733A32343A2272616469747961406261736B61726164697479612E636F6D223B757365725F69647C733A313A2232223B6F6C645F6C6173745F6C6F67696E7C733A31303A2231353933343738363933223B6C6173745F636865636B7C693A313539333533363934373B);
INSERT INTO `ci_sessions_backend` VALUES ('omcuclqf5honm8894vasuh6v9mbff3mc', '::1', 1593949581, 0x5F5F63695F6C6173745F726567656E65726174657C693A313539333934393538313B776562736974655F7661727C613A31353A7B733A31323A22776562736974655F6E616D65223B733A31323A22776562736974655F6E616D65223B733A373A2261646472657373223B733A373A2261646472657373223B733A333A226C6174223B733A333A226C6174223B733A333A226C6E67223B733A333A226C6E67223B733A353A22656D61696C223B733A353A22656D61696C223B733A353A2270686F6E65223B733A353A2270686F6E65223B733A333A22666178223B733A333A22666178223B733A31323A2266616365626F6F6B5F75726C223B733A31323A2266616365626F6F6B5F75726C223B733A31333A22696E7374616772616D5F75726C223B733A31333A22696E7374616772616D5F75726C223B733A31303A22676F6F676C655F75726C223B733A31303A22676F6F676C655F75726C223B733A31313A22747769747465725F75726C223B733A31313A22747769747465725F75726C223B733A31313A22796F75747562655F75726C223B733A31313A22796F75747562655F75726C223B733A373A226269676C6F676F223B733A373A226269676C6F676F223B733A343A226C6F676F223B733A343A226C6F676F223B733A373A2266617669636F6E223B733A373A2266617669636F6E223B7D6964656E746974797C733A373A2272616469747961223B757365726E616D657C733A373A2272616469747961223B656D61696C7C733A32343A2272616469747961406261736B61726164697479612E636F6D223B757365725F69647C733A313A2232223B6F6C645F6C6173745F6C6F67696E7C733A31303A2231353933363831313137223B6C6173745F636865636B7C693A313539333933373439373B);
INSERT INTO `ci_sessions_backend` VALUES ('p69lkmm3s99hvkdrgo83uuetc4fa0frp', '::1', 1593940326, 0x5F5F63695F6C6173745F726567656E65726174657C693A313539333934303332363B776562736974655F7661727C613A31353A7B733A31323A22776562736974655F6E616D65223B733A31323A22776562736974655F6E616D65223B733A373A2261646472657373223B733A373A2261646472657373223B733A333A226C6174223B733A333A226C6174223B733A333A226C6E67223B733A333A226C6E67223B733A353A22656D61696C223B733A353A22656D61696C223B733A353A2270686F6E65223B733A353A2270686F6E65223B733A333A22666178223B733A333A22666178223B733A31323A2266616365626F6F6B5F75726C223B733A31323A2266616365626F6F6B5F75726C223B733A31333A22696E7374616772616D5F75726C223B733A31333A22696E7374616772616D5F75726C223B733A31303A22676F6F676C655F75726C223B733A31303A22676F6F676C655F75726C223B733A31313A22747769747465725F75726C223B733A31313A22747769747465725F75726C223B733A31313A22796F75747562655F75726C223B733A31313A22796F75747562655F75726C223B733A373A226269676C6F676F223B733A373A226269676C6F676F223B733A343A226C6F676F223B733A343A226C6F676F223B733A373A2266617669636F6E223B733A373A2266617669636F6E223B7D6964656E746974797C733A373A2272616469747961223B757365726E616D657C733A373A2272616469747961223B656D61696C7C733A32343A2272616469747961406261736B61726164697479612E636F6D223B757365725F69647C733A313A2232223B6F6C645F6C6173745F6C6F67696E7C733A31303A2231353933363831313137223B6C6173745F636865636B7C693A313539333933373439373B);
INSERT INTO `ci_sessions_backend` VALUES ('p921pv41n1uvfbh1dsa1v52825299vq7', '::1', 1593537128, 0x5F5F63695F6C6173745F726567656E65726174657C693A313539333533373132383B776562736974655F7661727C613A31353A7B733A31323A22776562736974655F6E616D65223B733A31323A22776562736974655F6E616D65223B733A373A2261646472657373223B733A373A2261646472657373223B733A333A226C6174223B733A333A226C6174223B733A333A226C6E67223B733A333A226C6E67223B733A353A22656D61696C223B733A353A22656D61696C223B733A353A2270686F6E65223B733A353A2270686F6E65223B733A333A22666178223B733A333A22666178223B733A31323A2266616365626F6F6B5F75726C223B733A31323A2266616365626F6F6B5F75726C223B733A31333A22696E7374616772616D5F75726C223B733A31333A22696E7374616772616D5F75726C223B733A31303A22676F6F676C655F75726C223B733A31303A22676F6F676C655F75726C223B733A31313A22747769747465725F75726C223B733A31313A22747769747465725F75726C223B733A31313A22796F75747562655F75726C223B733A31313A22796F75747562655F75726C223B733A373A226269676C6F676F223B733A373A226269676C6F676F223B733A343A226C6F676F223B733A343A226C6F676F223B733A373A2266617669636F6E223B733A373A2266617669636F6E223B7D6964656E746974797C733A373A2272616469747961223B757365726E616D657C733A373A2272616469747961223B656D61696C7C733A32343A2272616469747961406261736B61726164697479612E636F6D223B757365725F69647C733A313A2232223B6F6C645F6C6173745F6C6F67696E7C733A31303A2231353933343738363933223B6C6173745F636865636B7C693A313539333533363934373B);
INSERT INTO `ci_sessions_backend` VALUES ('pas24dd95euf662u0kmkcsu2n7m9ecma', '::1', 1593941689, 0x5F5F63695F6C6173745F726567656E65726174657C693A313539333934313638393B776562736974655F7661727C613A31353A7B733A31323A22776562736974655F6E616D65223B733A31323A22776562736974655F6E616D65223B733A373A2261646472657373223B733A373A2261646472657373223B733A333A226C6174223B733A333A226C6174223B733A333A226C6E67223B733A333A226C6E67223B733A353A22656D61696C223B733A353A22656D61696C223B733A353A2270686F6E65223B733A353A2270686F6E65223B733A333A22666178223B733A333A22666178223B733A31323A2266616365626F6F6B5F75726C223B733A31323A2266616365626F6F6B5F75726C223B733A31333A22696E7374616772616D5F75726C223B733A31333A22696E7374616772616D5F75726C223B733A31303A22676F6F676C655F75726C223B733A31303A22676F6F676C655F75726C223B733A31313A22747769747465725F75726C223B733A31313A22747769747465725F75726C223B733A31313A22796F75747562655F75726C223B733A31313A22796F75747562655F75726C223B733A373A226269676C6F676F223B733A373A226269676C6F676F223B733A343A226C6F676F223B733A343A226C6F676F223B733A373A2266617669636F6E223B733A373A2266617669636F6E223B7D6964656E746974797C733A373A2272616469747961223B757365726E616D657C733A373A2272616469747961223B656D61696C7C733A32343A2272616469747961406261736B61726164697479612E636F6D223B757365725F69647C733A313A2232223B6F6C645F6C6173745F6C6F67696E7C733A31303A2231353933363831313137223B6C6173745F636865636B7C693A313539333933373439373B);
INSERT INTO `ci_sessions_backend` VALUES ('qnqg5rl1fl0eg1l5854j7elchq0glfl7', '::1', 1593596701, 0x5F5F63695F6C6173745F726567656E65726174657C693A313539333539363730313B776562736974655F7661727C613A31353A7B733A31323A22776562736974655F6E616D65223B733A31323A22776562736974655F6E616D65223B733A373A2261646472657373223B733A373A2261646472657373223B733A333A226C6174223B733A333A226C6174223B733A333A226C6E67223B733A333A226C6E67223B733A353A22656D61696C223B733A353A22656D61696C223B733A353A2270686F6E65223B733A353A2270686F6E65223B733A333A22666178223B733A333A22666178223B733A31323A2266616365626F6F6B5F75726C223B733A31323A2266616365626F6F6B5F75726C223B733A31333A22696E7374616772616D5F75726C223B733A31333A22696E7374616772616D5F75726C223B733A31303A22676F6F676C655F75726C223B733A31303A22676F6F676C655F75726C223B733A31313A22747769747465725F75726C223B733A31313A22747769747465725F75726C223B733A31313A22796F75747562655F75726C223B733A31313A22796F75747562655F75726C223B733A373A226269676C6F676F223B733A373A226269676C6F676F223B733A343A226C6F676F223B733A343A226C6F676F223B733A373A2266617669636F6E223B733A373A2266617669636F6E223B7D6964656E746974797C733A373A2272616469747961223B757365726E616D657C733A373A2272616469747961223B656D61696C7C733A32343A2272616469747961406261736B61726164697479612E636F6D223B757365725F69647C733A313A2232223B6F6C645F6C6173745F6C6F67696E7C733A31303A2231353933353336393437223B6C6173745F636865636B7C693A313539333539333633363B);
INSERT INTO `ci_sessions_backend` VALUES ('rtr795id4ffkha3pbi0ct6hvusds43h5', '::1', 1593939982, 0x5F5F63695F6C6173745F726567656E65726174657C693A313539333933393938323B776562736974655F7661727C613A31353A7B733A31323A22776562736974655F6E616D65223B733A31323A22776562736974655F6E616D65223B733A373A2261646472657373223B733A373A2261646472657373223B733A333A226C6174223B733A333A226C6174223B733A333A226C6E67223B733A333A226C6E67223B733A353A22656D61696C223B733A353A22656D61696C223B733A353A2270686F6E65223B733A353A2270686F6E65223B733A333A22666178223B733A333A22666178223B733A31323A2266616365626F6F6B5F75726C223B733A31323A2266616365626F6F6B5F75726C223B733A31333A22696E7374616772616D5F75726C223B733A31333A22696E7374616772616D5F75726C223B733A31303A22676F6F676C655F75726C223B733A31303A22676F6F676C655F75726C223B733A31313A22747769747465725F75726C223B733A31313A22747769747465725F75726C223B733A31313A22796F75747562655F75726C223B733A31313A22796F75747562655F75726C223B733A373A226269676C6F676F223B733A373A226269676C6F676F223B733A343A226C6F676F223B733A343A226C6F676F223B733A373A2266617669636F6E223B733A373A2266617669636F6E223B7D6964656E746974797C733A373A2272616469747961223B757365726E616D657C733A373A2272616469747961223B656D61696C7C733A32343A2272616469747961406261736B61726164697479612E636F6D223B757365725F69647C733A313A2232223B6F6C645F6C6173745F6C6F67696E7C733A31303A2231353933363831313137223B6C6173745F636865636B7C693A313539333933373439373B);
INSERT INTO `ci_sessions_backend` VALUES ('tdrsnnndmiku18eblf9enoje3ue7kjuu', '::1', 1593938734, 0x5F5F63695F6C6173745F726567656E65726174657C693A313539333933383733343B776562736974655F7661727C613A31353A7B733A31323A22776562736974655F6E616D65223B733A31323A22776562736974655F6E616D65223B733A373A2261646472657373223B733A373A2261646472657373223B733A333A226C6174223B733A333A226C6174223B733A333A226C6E67223B733A333A226C6E67223B733A353A22656D61696C223B733A353A22656D61696C223B733A353A2270686F6E65223B733A353A2270686F6E65223B733A333A22666178223B733A333A22666178223B733A31323A2266616365626F6F6B5F75726C223B733A31323A2266616365626F6F6B5F75726C223B733A31333A22696E7374616772616D5F75726C223B733A31333A22696E7374616772616D5F75726C223B733A31303A22676F6F676C655F75726C223B733A31303A22676F6F676C655F75726C223B733A31313A22747769747465725F75726C223B733A31313A22747769747465725F75726C223B733A31313A22796F75747562655F75726C223B733A31313A22796F75747562655F75726C223B733A373A226269676C6F676F223B733A373A226269676C6F676F223B733A343A226C6F676F223B733A343A226C6F676F223B733A373A2266617669636F6E223B733A373A2266617669636F6E223B7D6964656E746974797C733A373A2272616469747961223B757365726E616D657C733A373A2272616469747961223B656D61696C7C733A32343A2272616469747961406261736B61726164697479612E636F6D223B757365725F69647C733A313A2232223B6F6C645F6C6173745F6C6F67696E7C733A31303A2231353933363831313137223B6C6173745F636865636B7C693A313539333933373439373B);
INSERT INTO `ci_sessions_backend` VALUES ('ulmmjcmrk842r0na3u92upob4emsu72g', '::1', 1593594827, 0x5F5F63695F6C6173745F726567656E65726174657C693A313539333539343832373B776562736974655F7661727C613A31353A7B733A31323A22776562736974655F6E616D65223B733A31323A22776562736974655F6E616D65223B733A373A2261646472657373223B733A373A2261646472657373223B733A333A226C6174223B733A333A226C6174223B733A333A226C6E67223B733A333A226C6E67223B733A353A22656D61696C223B733A353A22656D61696C223B733A353A2270686F6E65223B733A353A2270686F6E65223B733A333A22666178223B733A333A22666178223B733A31323A2266616365626F6F6B5F75726C223B733A31323A2266616365626F6F6B5F75726C223B733A31333A22696E7374616772616D5F75726C223B733A31333A22696E7374616772616D5F75726C223B733A31303A22676F6F676C655F75726C223B733A31303A22676F6F676C655F75726C223B733A31313A22747769747465725F75726C223B733A31313A22747769747465725F75726C223B733A31313A22796F75747562655F75726C223B733A31313A22796F75747562655F75726C223B733A373A226269676C6F676F223B733A373A226269676C6F676F223B733A343A226C6F676F223B733A343A226C6F676F223B733A373A2266617669636F6E223B733A373A2266617669636F6E223B7D6964656E746974797C733A373A2272616469747961223B757365726E616D657C733A373A2272616469747961223B656D61696C7C733A32343A2272616469747961406261736B61726164697479612E636F6D223B757365725F69647C733A313A2232223B6F6C645F6C6173745F6C6F67696E7C733A31303A2231353933353336393437223B6C6173745F636865636B7C693A313539333539333633363B);
INSERT INTO `ci_sessions_backend` VALUES ('utl7te70teo228gqiubd0m1pdj8oo0la', '::1', 1593938672, 0x5F5F63695F6C6173745F726567656E65726174657C693A313539333933383637313B776562736974655F7661727C613A31353A7B733A31323A22776562736974655F6E616D65223B733A31323A22776562736974655F6E616D65223B733A373A2261646472657373223B733A373A2261646472657373223B733A333A226C6174223B733A333A226C6174223B733A333A226C6E67223B733A333A226C6E67223B733A353A22656D61696C223B733A353A22656D61696C223B733A353A2270686F6E65223B733A353A2270686F6E65223B733A333A22666178223B733A333A22666178223B733A31323A2266616365626F6F6B5F75726C223B733A31323A2266616365626F6F6B5F75726C223B733A31333A22696E7374616772616D5F75726C223B733A31333A22696E7374616772616D5F75726C223B733A31303A22676F6F676C655F75726C223B733A31303A22676F6F676C655F75726C223B733A31313A22747769747465725F75726C223B733A31313A22747769747465725F75726C223B733A31313A22796F75747562655F75726C223B733A31313A22796F75747562655F75726C223B733A373A226269676C6F676F223B733A373A226269676C6F676F223B733A343A226C6F676F223B733A343A226C6F676F223B733A373A2266617669636F6E223B733A373A2266617669636F6E223B7D6964656E746974797C733A373A2272616469747961223B757365726E616D657C733A373A2272616469747961223B656D61696C7C733A32343A2272616469747961406261736B61726164697479612E636F6D223B757365725F69647C733A313A2232223B6F6C645F6C6173745F6C6F67696E7C733A31303A2231353933363831313137223B6C6173745F636865636B7C693A313539333933373439373B);
INSERT INTO `ci_sessions_backend` VALUES ('v5v5u8lvkupgtkn9q603ith5v64agtc8', '::1', 1593543731, 0x5F5F63695F6C6173745F726567656E65726174657C693A313539333534333733313B776562736974655F7661727C613A31353A7B733A31323A22776562736974655F6E616D65223B733A31323A22776562736974655F6E616D65223B733A373A2261646472657373223B733A373A2261646472657373223B733A333A226C6174223B733A333A226C6174223B733A333A226C6E67223B733A333A226C6E67223B733A353A22656D61696C223B733A353A22656D61696C223B733A353A2270686F6E65223B733A353A2270686F6E65223B733A333A22666178223B733A333A22666178223B733A31323A2266616365626F6F6B5F75726C223B733A31323A2266616365626F6F6B5F75726C223B733A31333A22696E7374616772616D5F75726C223B733A31333A22696E7374616772616D5F75726C223B733A31303A22676F6F676C655F75726C223B733A31303A22676F6F676C655F75726C223B733A31313A22747769747465725F75726C223B733A31313A22747769747465725F75726C223B733A31313A22796F75747562655F75726C223B733A31313A22796F75747562655F75726C223B733A373A226269676C6F676F223B733A373A226269676C6F676F223B733A343A226C6F676F223B733A343A226C6F676F223B733A373A2266617669636F6E223B733A373A2266617669636F6E223B7D6964656E746974797C733A373A2272616469747961223B757365726E616D657C733A373A2272616469747961223B656D61696C7C733A32343A2272616469747961406261736B61726164697479612E636F6D223B757365725F69647C733A313A2232223B6F6C645F6C6173745F6C6F67696E7C733A31303A2231353933343738363933223B6C6173745F636865636B7C693A313539333533363934373B);

-- ----------------------------
-- Table structure for companies
-- ----------------------------
DROP TABLE IF EXISTS `companies`;
CREATE TABLE `companies`  (
  `id` int(11) NOT NULL AUTO_INCREMENT,
  `category` int(11) NOT NULL,
  `name` varchar(255) CHARACTER SET utf8mb4 COLLATE utf8mb4_general_ci NULL DEFAULT NULL,
  `slug` varchar(255) CHARACTER SET utf8mb4 COLLATE utf8mb4_general_ci NULL DEFAULT NULL,
  `description` text CHARACTER SET utf8mb4 COLLATE utf8mb4_general_ci NULL,
  `address` text CHARACTER SET utf8mb4 COLLATE utf8mb4_general_ci NULL,
  `latitude` decimal(9, 6) NULL DEFAULT NULL,
  `longitude` decimal(9, 6) NULL DEFAULT NULL,
  `website` varchar(255) CHARACTER SET utf8mb4 COLLATE utf8mb4_general_ci NULL DEFAULT NULL,
  `img_thumb` varchar(500) CHARACTER SET utf8mb4 COLLATE utf8mb4_general_ci NULL DEFAULT NULL,
  `created` datetime(0) NULL DEFAULT current_timestamp(0),
  `modified` datetime(0) NULL DEFAULT NULL ON UPDATE CURRENT_TIMESTAMP(0),
  `status` tinyint(1) NOT NULL DEFAULT 1,
  PRIMARY KEY (`id`) USING BTREE,
  INDEX `category`(`category`) USING BTREE,
  CONSTRAINT `companies_ibfk_1` FOREIGN KEY (`category`) REFERENCES `company_categories` (`id`) ON DELETE CASCADE ON UPDATE CASCADE
) ENGINE = InnoDB AUTO_INCREMENT = 10 CHARACTER SET = utf8mb4 COLLATE = utf8mb4_general_ci ROW_FORMAT = Dynamic;

-- ----------------------------
-- Records of companies
-- ----------------------------
INSERT INTO `companies` VALUES (1, 1, 'MIND.ID', 'mind-id', 'Inalum (Persero), dan PT Timah Tbk. Kami hadir untuk mengeksplorasi, menjelajah, dan mencari. Mencari cara dan inovasi baru untuk memperoleh, mempelajari, dan mengelola potensi kekayaan sumber daya mineral dan batubara Indonesia dan industri pengolahannya, hingga memasarkan berbagai produk mineral tambang untuk menjadi sumber kebaikan untuk kemajuan bersama.', 'Gedung Energy Lt. 16 SCBD, Jl. Jenderal Sudirman Kav. 52-53 Jakarta 12190.\r\n', -6.226541, 106.806042, 'https://mind.id/', NULL, '2020-07-14 00:16:09', '2020-07-16 02:13:18', 1);
INSERT INTO `companies` VALUES (3, 1, 'ANTAM', 'antam', 'ANTAM merupakan perusahaan pertambangan yang terdiversifikasi dan terintegrasi secara vertikal yang berorientasi ekspor.\r\nANTAM merupakan perusahaan pertambangan yang terdiversifikasi dan terintegrasi secara vertikal yang berorientasi ekspor.', 'Gedung Aneka Tambang Tower A, Jl. Letjen. T.B. Simatupang No. 1, Lingkar Selatan, Tanjung Barat, Jakarta 12530, Indonesia', -6.234890, 106.763928, 'https://www.antam.com/id', NULL, '2020-07-14 10:27:13', '2020-07-15 17:28:46', 1);
INSERT INTO `companies` VALUES (4, 1, 'BUKIT ASAM', 'bukit-asam', 'PT Bukit Asam Tbk atau lebih dikenal dengan nama Bukit Asam adalah Perusahaan Pertambangan yang dimilik oleh Pemerintah Indonesia yang didirikan pada tahun 1950.', 'Jl. Parigi No. 1, Tanjung Enim 31716, Sumatera Selatan', -3.453627, 101.554008, 'http://www.ptba.co.id/', NULL, '2020-07-14 10:29:04', '2020-07-15 17:28:49', 1);
INSERT INTO `companies` VALUES (5, 1, 'TIMAH', 'timah', 'PT TIMAH merupakan produsen dan eksportir logam timah, dan memiliki segmen usaha penambangan timah terintegrasi mulai dari kegiatan eksplorasi, penambangan, pengolahan hingga pemasaran.', 'Jl. Jenderal Sudirman 51, Pangkal Pinang 33121, Bangka', -2.113299, 106.112092, 'http://www.timah.com/v3/ina/home/', NULL, '2020-07-14 10:29:50', '2020-07-15 17:28:52', 1);
INSERT INTO `companies` VALUES (6, 2, 'PT. Panasonic Gobel Indonesia (PGI)', 'pt-panasonic-gobel-indonesia', 'Sampai saat ini Panasonic di Indonesia tetap merupakan brand elektronik  terkemuka yang menyediakan produk inovatif untuk home appliances (AC, Smart TV, Kulkas, Mesin Cuci, Perangkat Audio, Rice Cooker, Microwave, Air Purifier hingga beragam alat penataan rambut dan perawatan kulit) dikalangan B2C dan system solution di kalangan B2B yang berorientasi pada pasar lokal untuk menjawab kebutuhan masyarakat Indonesia. ', 'Jl. Dewi Sartika (Cawang II), No.14, Jakarta 13630, Indonesia', -6.249867, 106.862496, 'https://www.panasonic.com/id/corporate.html', NULL, '2020-07-14 10:48:36', '2020-07-15 17:28:58', 1);
INSERT INTO `companies` VALUES (7, 2, 'PT. GS Battery', 'pt-gs-battery', 'PT GS Battery is the pioneer of innovation in Indonesia lead acid batteries with Automotive and Motorcycle Batteries as its core business', 'Jl. Laksda Yos Sudarso Sunter I, Tanjung Priok, RT.2/RW.9, Sunter Jaya, Tj. Priok, Kota Jkt Utara, Daerah Khusus Ibukota Jakarta 14360', -6.203305, 106.908900, 'http://www.gs.astra.co.id:81/home/', NULL, '2020-07-14 10:49:44', '2020-07-15 17:29:04', 1);
INSERT INTO `companies` VALUES (8, 2, 'PT. Yuasa Battery Indonesia', 'pt-yuasa', 'Perusahaan yang memproduksi aki motor dan mobil di Indonesia', 'Jalan Mh. Thamrin, Panunggangan Utara, Tangerang, RT.001/RW.001, Panunggangan Utara, Kec. Pinang, Kota Tangerang, Banten 15143', -6.224275, 106.370449, 'http://www.yuasabattery.co.id/', NULL, '2020-07-14 10:50:23', '2020-07-15 17:29:08', 1);
INSERT INTO `companies` VALUES (9, 2, 'PT. Eveready Battery Indonesia', 'pt-eveready', 'Perusahaan yang memiliki kantor pusat di New York yang membuat battery lithium dan baterai alat bantu dengar pertama', ' Graha Pratama, Lantai 14, JL Letjen MT Haryono, Kavling 15 11, RT.11/RW.5, Tebet Bar., Kec. Tebet, Kota Jakarta Selatan, Daerah Khusus Ibukota Jakarta 12810', -6.242748, 106.850839, 'https://www.eveready.com/', NULL, '2020-07-14 10:51:05', '2020-07-16 02:13:06', 1);

-- ----------------------------
-- Table structure for company_categories
-- ----------------------------
DROP TABLE IF EXISTS `company_categories`;
CREATE TABLE `company_categories`  (
  `id` int(11) NOT NULL AUTO_INCREMENT,
  `name` varchar(255) CHARACTER SET utf8mb4 COLLATE utf8mb4_general_ci NOT NULL,
  `slug` varchar(255) CHARACTER SET utf8mb4 COLLATE utf8mb4_general_ci NOT NULL DEFAULT '',
  `created` datetime(0) NOT NULL DEFAULT current_timestamp(0),
  `modified` datetime(0) NULL DEFAULT NULL ON UPDATE CURRENT_TIMESTAMP(0),
  `status` tinyint(4) NOT NULL DEFAULT 1,
  PRIMARY KEY (`id`) USING BTREE
) ENGINE = InnoDB AUTO_INCREMENT = 5 CHARACTER SET = utf8mb4 COLLATE = utf8mb4_general_ci ROW_FORMAT = Dynamic;

-- ----------------------------
-- Records of company_categories
-- ----------------------------
INSERT INTO `company_categories` VALUES (1, 'Hulu', 'hulu', '2020-07-14 00:05:56', NULL, 1);
INSERT INTO `company_categories` VALUES (2, 'Battery Cell', 'battery-cell', '2020-07-14 00:07:31', NULL, 1);
INSERT INTO `company_categories` VALUES (3, 'Hilir', 'hilir', '2020-07-14 00:07:37', NULL, 1);
INSERT INTO `company_categories` VALUES (4, 'SDM', 'sdm', '2020-07-14 00:07:49', NULL, 1);

-- ----------------------------
-- Table structure for company_output
-- ----------------------------
DROP TABLE IF EXISTS `company_output`;
CREATE TABLE `company_output`  (
  `id` int(11) NOT NULL,
  `year` int(10) NOT NULL DEFAULT 1990,
  `output_amount` int(10) NOT NULL DEFAULT 0,
  `created` datetime(0) NOT NULL DEFAULT current_timestamp(0),
  `modified` datetime(0) NULL DEFAULT NULL ON UPDATE CURRENT_TIMESTAMP(0),
  `status` tinyint(1) NULL DEFAULT NULL,
  PRIMARY KEY (`id`) USING BTREE
) ENGINE = InnoDB CHARACTER SET = utf8mb4 COLLATE = utf8mb4_general_ci ROW_FORMAT = Dynamic;

-- ----------------------------
-- Records of company_output
-- ----------------------------

-- ----------------------------
-- Table structure for company_pic
-- ----------------------------
DROP TABLE IF EXISTS `company_pic`;
CREATE TABLE `company_pic`  (
  `id` int(11) NOT NULL,
  `name` varchar(255) CHARACTER SET utf8mb4 COLLATE utf8mb4_general_ci NULL DEFAULT NULL,
  `phone` varchar(255) CHARACTER SET utf8mb4 COLLATE utf8mb4_general_ci NULL DEFAULT NULL,
  `mobile` varchar(255) CHARACTER SET utf8mb4 COLLATE utf8mb4_general_ci NULL DEFAULT NULL,
  `email` varchar(255) CHARACTER SET utf8mb4 COLLATE utf8mb4_general_ci NULL DEFAULT NULL,
  `created` datetime(0) NULL DEFAULT current_timestamp(0),
  `modified` datetime(0) NULL DEFAULT NULL ON UPDATE CURRENT_TIMESTAMP(0),
  `status` tinyint(1) NULL DEFAULT NULL,
  PRIMARY KEY (`id`) USING BTREE
) ENGINE = InnoDB CHARACTER SET = utf8mb4 COLLATE = utf8mb4_general_ci ROW_FORMAT = Dynamic;

-- ----------------------------
-- Records of company_pic
-- ----------------------------

-- ----------------------------
-- Table structure for company_subcategories
-- ----------------------------
DROP TABLE IF EXISTS `company_subcategories`;
CREATE TABLE `company_subcategories`  (
  `id` int(11) NOT NULL AUTO_INCREMENT,
  `category_id` int(11) NOT NULL,
  `name` varchar(255) CHARACTER SET utf8mb4 COLLATE utf8mb4_general_ci NOT NULL,
  `slug` varchar(255) CHARACTER SET utf8mb4 COLLATE utf8mb4_general_ci NOT NULL DEFAULT '',
  `created` datetime(0) NOT NULL DEFAULT current_timestamp(0),
  `modified` datetime(0) NULL DEFAULT NULL ON UPDATE CURRENT_TIMESTAMP(0),
  `status` tinyint(4) NOT NULL DEFAULT 1,
  PRIMARY KEY (`id`) USING BTREE,
  INDEX `category_id`(`category_id`) USING BTREE,
  CONSTRAINT `company_subcategories_ibfk_1` FOREIGN KEY (`category_id`) REFERENCES `company_categories` (`id`) ON DELETE CASCADE ON UPDATE CASCADE
) ENGINE = InnoDB AUTO_INCREMENT = 7 CHARACTER SET = utf8mb4 COLLATE = utf8mb4_general_ci ROW_FORMAT = Dynamic;

-- ----------------------------
-- Records of company_subcategories
-- ----------------------------
INSERT INTO `company_subcategories` VALUES (1, 3, 'EV', 'ev', '2020-07-14 00:10:54', NULL, 1);
INSERT INTO `company_subcategories` VALUES (2, 3, 'Motor Listrik', 'motor-listrik', '2020-07-14 00:11:06', NULL, 1);
INSERT INTO `company_subcategories` VALUES (3, 3, 'Energy Storage', 'energy-storage', '2020-07-14 00:11:20', NULL, 1);
INSERT INTO `company_subcategories` VALUES (4, 3, 'Stasionary', 'stasionary', '2020-07-14 00:11:40', NULL, 1);
INSERT INTO `company_subcategories` VALUES (5, 4, 'Institusi', 'institusi', '2020-07-14 00:11:59', NULL, 1);
INSERT INTO `company_subcategories` VALUES (6, 4, 'Universitas', 'universitas', '2020-07-14 00:12:14', NULL, 1);

-- ----------------------------
-- Table structure for groups
-- ----------------------------
DROP TABLE IF EXISTS `groups`;
CREATE TABLE `groups`  (
  `id` mediumint(8) UNSIGNED NOT NULL AUTO_INCREMENT,
  `name` varchar(20) CHARACTER SET utf8 COLLATE utf8_general_ci NOT NULL,
  `description` varchar(100) CHARACTER SET utf8 COLLATE utf8_general_ci NOT NULL,
  PRIMARY KEY (`id`) USING BTREE
) ENGINE = InnoDB AUTO_INCREMENT = 1 CHARACTER SET = utf8 COLLATE = utf8_general_ci ROW_FORMAT = Dynamic;

-- ----------------------------
-- Records of groups
-- ----------------------------

-- ----------------------------
-- Table structure for login_attempts
-- ----------------------------
DROP TABLE IF EXISTS `login_attempts`;
CREATE TABLE `login_attempts`  (
  `id` int(11) UNSIGNED NOT NULL AUTO_INCREMENT,
  `ip_address` varchar(15) CHARACTER SET utf8 COLLATE utf8_general_ci NOT NULL,
  `login` varchar(100) CHARACTER SET utf8 COLLATE utf8_general_ci NOT NULL,
  `time` int(11) UNSIGNED NULL DEFAULT NULL,
  PRIMARY KEY (`id`) USING BTREE
) ENGINE = InnoDB AUTO_INCREMENT = 6 CHARACTER SET = utf8 COLLATE = utf8_general_ci ROW_FORMAT = Dynamic;

-- ----------------------------
-- Records of login_attempts
-- ----------------------------
INSERT INTO `login_attempts` VALUES (5, '::1', 'administrator', 1594711145);

-- ----------------------------
-- Table structure for logs
-- ----------------------------
DROP TABLE IF EXISTS `logs`;
CREATE TABLE `logs`  (
  `id` int(11) NOT NULL,
  `user_id` int(11) UNSIGNED NOT NULL,
  `class` varchar(50) CHARACTER SET utf8 COLLATE utf8_general_ci NOT NULL,
  `method` varchar(50) CHARACTER SET utf8 COLLATE utf8_general_ci NOT NULL,
  `ip_address` varchar(15) CHARACTER SET utf8 COLLATE utf8_general_ci NOT NULL,
  `user_agent` varchar(100) CHARACTER SET utf8 COLLATE utf8_general_ci NOT NULL,
  `timestamp` int(11) NOT NULL,
  `status` tinyint(1) UNSIGNED NOT NULL,
  PRIMARY KEY (`id`) USING BTREE,
  INDEX `fk_log_userid`(`user_id`) USING BTREE,
  CONSTRAINT `fk_log_userid` FOREIGN KEY (`user_id`) REFERENCES `users` (`id`) ON DELETE NO ACTION ON UPDATE CASCADE
) ENGINE = InnoDB CHARACTER SET = utf8 COLLATE = utf8_general_ci ROW_FORMAT = Dynamic;

-- ----------------------------
-- Records of logs
-- ----------------------------

-- ----------------------------
-- Table structure for menu
-- ----------------------------
DROP TABLE IF EXISTS `menu`;
CREATE TABLE `menu`  (
  `id` int(10) UNSIGNED NOT NULL AUTO_INCREMENT,
  `parent_id` int(10) NULL DEFAULT NULL,
  `title` varchar(255) CHARACTER SET utf8 COLLATE utf8_general_ci NOT NULL,
  `slug` varchar(255) CHARACTER SET utf8 COLLATE utf8_general_ci NOT NULL,
  `icon` varchar(30) CHARACTER SET utf8 COLLATE utf8_general_ci NULL DEFAULT NULL,
  `created` int(11) NOT NULL,
  `modified` int(11) NULL DEFAULT NULL,
  `status` tinyint(1) NOT NULL DEFAULT 1,
  PRIMARY KEY (`id`) USING BTREE
) ENGINE = InnoDB AUTO_INCREMENT = 1 CHARACTER SET = utf8 COLLATE = utf8_general_ci ROW_FORMAT = Dynamic;

-- ----------------------------
-- Records of menu
-- ----------------------------

-- ----------------------------
-- Table structure for pages
-- ----------------------------
DROP TABLE IF EXISTS `pages`;
CREATE TABLE `pages`  (
  `id` int(11) NOT NULL AUTO_INCREMENT,
  `page_name` varchar(100) CHARACTER SET utf8mb4 COLLATE utf8mb4_general_ci NULL DEFAULT NULL,
  `page_slug` varchar(500) CHARACTER SET utf8mb4 COLLATE utf8mb4_general_ci NULL DEFAULT NULL,
  `status` tinyint(1) NOT NULL DEFAULT -,
  `created` datetime(0) NOT NULL DEFAULT current_timestamp(0),
  `modified` datetime(0) NULL DEFAULT NULL ON UPDATE CURRENT_TIMESTAMP(0),
  PRIMARY KEY (`id`) USING BTREE
) ENGINE = InnoDB AUTO_INCREMENT = 2 CHARACTER SET = utf8mb4 COLLATE = utf8mb4_general_ci ROW_FORMAT = Dynamic;

-- ----------------------------
-- Records of pages
-- ----------------------------
INSERT INTO `pages` VALUES (1, 'homepage', 'homepage', 1, '2020-06-27 19:17:46', NULL);

-- ----------------------------
-- Table structure for pages_section
-- ----------------------------
DROP TABLE IF EXISTS `pages_section`;
CREATE TABLE `pages_section`  (
  `id` int(11) NOT NULL AUTO_INCREMENT,
  `pages_id` int(11) NOT NULL,
  `section_name` varchar(100) CHARACTER SET utf8mb4 COLLATE utf8mb4_general_ci NULL DEFAULT NULL,
  `section_slug` varchar(255) CHARACTER SET utf8mb4 COLLATE utf8mb4_general_ci NULL DEFAULT NULL,
  `content` text CHARACTER SET utf8mb4 COLLATE utf8mb4_general_ci NULL,
  `created` datetime(0) NOT NULL DEFAULT current_timestamp(0),
  `modified` datetime(0) NULL DEFAULT NULL ON UPDATE CURRENT_TIMESTAMP(0),
  `status` tinyint(1) NOT NULL DEFAULT 1,
  PRIMARY KEY (`id`) USING BTREE,
  INDEX `pages_id`(`pages_id`) USING BTREE,
  CONSTRAINT `pages_section_ibfk_1` FOREIGN KEY (`pages_id`) REFERENCES `pages` (`id`) ON DELETE CASCADE ON UPDATE CASCADE
) ENGINE = InnoDB AUTO_INCREMENT = 3 CHARACTER SET = utf8mb4 COLLATE = utf8mb4_general_ci ROW_FORMAT = Dynamic;

-- ----------------------------
-- Records of pages_section
-- ----------------------------
INSERT INTO `pages_section` VALUES (1, 1, 'Who We Are', 'who-we-are', NULL, '2020-06-28 13:29:39', NULL, 1);
INSERT INTO `pages_section` VALUES (2, 1, 'Meet Our Founders', 'meet-our-founders', '&lt;div class=\\&quot;section\\&quot; style=\\&quot;padding-top: 90px; padding-bottom: 50px;\\&quot;&gt;\r\n&lt;div class=\\&quot;section_wrapper clearfix\\&quot;&gt;\r\n&lt;div class=\\&quot;items_group clearfix\\&quot;&gt;\r\n&lt;div class=\\&quot;column one-fourth column_column \\&quot;&gt;\r\n&lt;div class=\\&quot;column_attr\\&quot; style=\\&quot;padding: 0 8;\\&quot;&gt;&lt;hr class=\\&quot;no_line hrmargin_b_40\\&quot; /&gt;\r\n&lt;h3&gt;Meet Our Founder&lt;/h3&gt;\r\n&lt;hr class=\\&quot;no_line hrmargin_b_30\\&quot; /&gt;&lt;a class=\\&quot;button button_large button_theme button_js\\&quot; href=\\&quot;/nbri_website/public/backend/stuff.html\\&quot;&gt;&lt;span class=\\&quot;button_label\\&quot;&gt;Read more&lt;/span&gt;&lt;/a&gt;&lt;/div&gt;\r\n&lt;/div&gt;\r\n&lt;div class=\\&quot;column three-fourth column_column space-border\\&quot;&gt;\r\n&lt;div class=\\&quot;column_attr\\&quot; style=\\&quot;padding: 0 0 0 8%;\\&quot;&gt;&lt;hr class=\\&quot;no_line hrmargin_b_40\\&quot; /&gt;\r\n&lt;div class=\\&quot;column one\\&quot;&gt;\r\n&lt;h6&gt;Lorem ipsum dolor sit amet, consectetur adipisicing elit, sed do eiusmod tempor incididunt ut labore et dolore magna aliqua. Ut enim ad minim veniam, quis nostrud exercitation ullamco laboris nisi ut aliquip ex ea commodo consequat. Duis aute irure dolor in reprehenderit in voluptate velit esse.&lt;/h6&gt;\r\n&lt;/div&gt;\r\n&lt;div class=\\&quot;column one-second\\&quot;&gt;\r\n&lt;div style=\\&quot;margin-right: 20%;\\&quot;&gt;\r\n&lt;div class=\\&quot;image_frame image_item no_link scale-with-grid alignnone no_border\\&quot;&gt;\r\n&lt;div class=\\&quot;image_wrapper\\&quot;&gt;&lt;img class=\\&quot;scale-with-grid\\&quot; src=\\&quot;/nbri_website/public/backend/&amp;lt;?=base_url(&amp;quot;assets/images/prof_evvy.jpg&amp;quot;);?&amp;gt;\\&quot; alt=\\&quot;\\&quot; width=\\&quot;380\\&quot; height=\\&quot;342\\&quot; /&gt;&lt;/div&gt;\r\n&lt;/div&gt;\r\n&lt;hr class=\\&quot;no_line hrmargin_b_20\\&quot; /&gt;\r\n&lt;h5&gt;Prof. Dr. rer nat Evvy Kartini&lt;/h5&gt;\r\n&lt;p&gt;&lt;em&gt;Founder&lt;/em&gt;&lt;/p&gt;\r\n&lt;p&gt;Lorem ipsum dolor sit amet, consectetur adipisicing elit, sed do eiusmod tempor incididunt ut labore et dolorsi architecto beatae vitae dicta sunt explicabo.&lt;/p&gt;\r\n&lt;/div&gt;\r\n&lt;/div&gt;\r\n&lt;div class=\\&quot;column one-second\\&quot;&gt;\r\n&lt;div style=\\&quot;margin-right: 20%;\\&quot;&gt;\r\n&lt;div class=\\&quot;image_frame image_item no_link scale-with-grid alignnone no_border\\&quot;&gt;\r\n&lt;div class=\\&quot;image_wrapper\\&quot;&gt;&lt;img class=\\&quot;scale-with-grid\\&quot; src=\\&quot;https://static.wixstatic.com/media/ae3692b18d64410dafc8014b30a9982f.jpg/v1/crop/x_861,y_0,w_3397,h_3413/fill/w_300,h_296,al_c,q_80,usm_0.66_1.00_0.01/Businessman.webp\\&quot; alt=\\&quot;\\&quot; width=\\&quot;380\\&quot; height=\\&quot;342\\&quot; /&gt;&lt;/div&gt;\r\n&lt;/div&gt;\r\n&lt;hr class=\\&quot;no_line hrmargin_b_20\\&quot; /&gt;\r\n&lt;h5&gt;Prof. Dr. Alan J. Drew&lt;/h5&gt;\r\n&lt;p&gt;&lt;em&gt;Co-Founder&lt;/em&gt;&lt;/p&gt;\r\n&lt;p&gt;Consectetur adipisicing elit, sed do eiusmod tempor incididunt ut labore et dolorsi architecto beatae vitae dicta sunt explicabo.&lt;/p&gt;\r\n&lt;/div&gt;\r\n&lt;/div&gt;\r\n&lt;/div&gt;\r\n&lt;/div&gt;\r\n&lt;/div&gt;\r\n&lt;/div&gt;\r\n&lt;/div&gt;', '2020-06-28 13:29:39', '2020-07-01 01:56:57', 1);

-- ----------------------------
-- Table structure for partner
-- ----------------------------
DROP TABLE IF EXISTS `partner`;
CREATE TABLE `partner`  (
  `id` int(11) NOT NULL AUTO_INCREMENT,
  `name` varchar(255) CHARACTER SET utf8 COLLATE utf8_general_ci NOT NULL,
  `slug` varchar(255) CHARACTER SET utf8 COLLATE utf8_general_ci NOT NULL,
  `img` text CHARACTER SET utf8 COLLATE utf8_general_ci NULL,
  `description` text CHARACTER SET utf8 COLLATE utf8_general_ci NULL,
  `created` datetime(0) NOT NULL DEFAULT current_timestamp(0),
  `modified` datetime(0) NULL DEFAULT NULL ON UPDATE CURRENT_TIMESTAMP(0),
  `status` tinyint(1) NOT NULL DEFAULT 1,
  PRIMARY KEY (`id`) USING BTREE
) ENGINE = InnoDB AUTO_INCREMENT = 12 CHARACTER SET = utf8 COLLATE = utf8_general_ci ROW_FORMAT = Dynamic;

-- ----------------------------
-- Records of partner
-- ----------------------------
INSERT INTO `partner` VALUES (4, 'LIPI', 'lipi', 'aa005b9076a4e9208bd9b693490ca7f0.png', 'sdsdsds', '2020-06-27 03:24:03', '2020-06-27 03:25:36', 1);
INSERT INTO `partner` VALUES (5, 'BATAN', 'batan', 'batan_logo.png', NULL, '2020-07-14 15:00:28', NULL, 1);
INSERT INTO `partner` VALUES (6, 'BPPT', 'bppt', 'bppt_logo.png', NULL, '2020-07-14 15:01:02', NULL, 1);
INSERT INTO `partner` VALUES (7, 'B4T', 'b4t', 'b4t_logo.jpg', NULL, '2020-07-14 15:01:26', NULL, 1);
INSERT INTO `partner` VALUES (8, 'Astra Otoparts', 'astra-otoparts', 'astraotoparts_logo.png', NULL, '2020-07-14 15:01:53', NULL, 1);
INSERT INTO `partner` VALUES (9, 'Viar Motor Indonesia', 'viar-motor-indonesia', 'viar_logo.png', NULL, '2020-07-14 15:02:18', NULL, 1);
INSERT INTO `partner` VALUES (10, 'PT Intercallin', 'pt-intercallin', 'abc_logo.jpg', NULL, '2020-07-14 16:50:00', NULL, 1);
INSERT INTO `partner` VALUES (11, 'PT Indonesia Asahan Aluminium', 'pt-indonesia-asahan-aluminium', 'inalum_logo.png', NULL, '2020-07-14 16:51:31', NULL, 1);

-- ----------------------------
-- Table structure for research
-- ----------------------------
DROP TABLE IF EXISTS `research`;
CREATE TABLE `research`  (
  `id` int(11) NOT NULL AUTO_INCREMENT,
  `research_category` int(11) NULL DEFAULT NULL,
  `research_name` varchar(255) CHARACTER SET utf8mb4 COLLATE utf8mb4_general_ci NULL DEFAULT NULL,
  `slug` varchar(300) CHARACTER SET utf8mb4 COLLATE utf8mb4_general_ci NULL DEFAULT NULL,
  `filename` varchar(500) CHARACTER SET utf8mb4 COLLATE utf8mb4_general_ci NULL DEFAULT NULL,
  `content` text CHARACTER SET utf8mb4 COLLATE utf8mb4_general_ci NULL,
  `img_thumb` varchar(500) CHARACTER SET utf8mb4 COLLATE utf8mb4_general_ci NULL DEFAULT NULL,
  `created` datetime(0) NULL DEFAULT current_timestamp(0),
  `modified` datetime(0) NULL DEFAULT NULL ON UPDATE CURRENT_TIMESTAMP(0),
  `status` tinyint(1) NULL DEFAULT 1,
  PRIMARY KEY (`id`) USING BTREE,
  INDEX `research_category`(`research_category`) USING BTREE,
  CONSTRAINT `research_ibfk_1` FOREIGN KEY (`research_category`) REFERENCES `research_category` (`id`) ON DELETE CASCADE ON UPDATE CASCADE
) ENGINE = InnoDB AUTO_INCREMENT = 2 CHARACTER SET = utf8mb4 COLLATE = utf8mb4_general_ci ROW_FORMAT = Dynamic;

-- ----------------------------
-- Records of research
-- ----------------------------
INSERT INTO `research` VALUES (1, 1, 'Battery Degradation', 'battery-degradation', NULL, NULL, NULL, '2020-07-14 18:12:24', NULL, 1);

-- ----------------------------
-- Table structure for research_category
-- ----------------------------
DROP TABLE IF EXISTS `research_category`;
CREATE TABLE `research_category`  (
  `id` int(11) NOT NULL AUTO_INCREMENT,
  `category_name` varchar(255) CHARACTER SET utf8mb4 COLLATE utf8mb4_general_ci NULL DEFAULT NULL,
  `slug` varchar(255) CHARACTER SET utf8mb4 COLLATE utf8mb4_general_ci NULL DEFAULT NULL,
  `content` text CHARACTER SET utf8mb4 COLLATE utf8mb4_general_ci NULL,
  `thumb_img` varchar(500) CHARACTER SET utf8mb4 COLLATE utf8mb4_general_ci NULL DEFAULT NULL,
  `created` datetime(0) NULL DEFAULT current_timestamp(0),
  `modified` datetime(0) NULL DEFAULT NULL ON UPDATE CURRENT_TIMESTAMP(0),
  `status` tinyint(1) NULL DEFAULT 1,
  PRIMARY KEY (`id`) USING BTREE
) ENGINE = InnoDB AUTO_INCREMENT = 8 CHARACTER SET = utf8mb4 COLLATE = utf8mb4_general_ci ROW_FORMAT = Dynamic;

-- ----------------------------
-- Records of research_category
-- ----------------------------
INSERT INTO `research_category` VALUES (1, 'Lithium Ion', 'lithium-ion', NULL, 'lithium_ion.jpg', '2020-07-01 12:36:01', '2020-07-14 18:04:26', 1);
INSERT INTO `research_category` VALUES (2, 'Beyond Lithium Ion', 'beyond-lithium-ion', NULL, 'beyond_lithium_ion.jpg', '2020-07-01 12:36:19', '2020-07-14 18:04:37', 1);
INSERT INTO `research_category` VALUES (3, 'Industry Sprints', 'industry-sprints', NULL, 'industry_sprints.jpg', '2020-07-01 12:36:34', '2020-07-14 18:04:45', 1);
INSERT INTO `research_category` VALUES (4, 'Battery Characterisation', 'battery-characterisation', NULL, 'characterisation.jpg', '2020-07-01 12:36:54', '2020-07-15 17:02:58', 1);
INSERT INTO `research_category` VALUES (5, 'Research Community', 'research-community', NULL, NULL, '2020-07-01 12:37:10', NULL, 1);
INSERT INTO `research_category` VALUES (6, 'Research Highlights', 'research-highlights', NULL, NULL, '2020-07-01 12:37:36', NULL, 1);
INSERT INTO `research_category` VALUES (7, 'National Researh Priority', 'national-research-priority', NULL, NULL, '2020-07-15 17:02:49', NULL, 1);

-- ----------------------------
-- Table structure for sliders
-- ----------------------------
DROP TABLE IF EXISTS `sliders`;
CREATE TABLE `sliders`  (
  `id` int(10) UNSIGNED NOT NULL AUTO_INCREMENT,
  `title` varchar(100) CHARACTER SET utf8 COLLATE utf8_general_ci NOT NULL,
  `subtitle` text CHARACTER SET utf8 COLLATE utf8_general_ci NULL,
  `url` varchar(255) CHARACTER SET utf8 COLLATE utf8_general_ci NULL DEFAULT NULL,
  `filename` varchar(100) CHARACTER SET utf8 COLLATE utf8_general_ci NOT NULL,
  `type` tinyint(1) UNSIGNED NOT NULL DEFAULT 1,
  `status` enum('0','1') CHARACTER SET utf8 COLLATE utf8_general_ci NOT NULL DEFAULT '1',
  `created` datetime(0) NOT NULL DEFAULT current_timestamp(0),
  `modified` datetime(0) NULL DEFAULT NULL ON UPDATE CURRENT_TIMESTAMP(0),
  PRIMARY KEY (`id`) USING BTREE
) ENGINE = InnoDB AUTO_INCREMENT = 9 CHARACTER SET = utf8 COLLATE = utf8_general_ci ROW_FORMAT = Dynamic;

-- ----------------------------
-- Records of sliders
-- ----------------------------
INSERT INTO `sliders` VALUES (6, 'Audiences between NBRI with the Minister of Research and Technology of the Republic of Indonesia', '', '', '93f60bb54ed1c007a5c4f00d854f96dc.jpeg', 3, '1', '2020-07-15 23:30:05', '2020-07-15 23:32:13');
INSERT INTO `sliders` VALUES (7, 'Indonesia\'s Renewable Energy', '', '', 'ae999b31af74a01c2256af9c08fcf95e.jpeg', 3, '1', '2020-07-15 23:30:30', NULL);
INSERT INTO `sliders` VALUES (8, 'Indonesia is The Largest Nickel Producer In The World', '', '', '12e9743671b3a6bd234e9931b4d0e050.jpg', 3, '1', '2020-07-15 23:36:15', '2020-07-16 00:10:14');

-- ----------------------------
-- Table structure for tags
-- ----------------------------
DROP TABLE IF EXISTS `tags`;
CREATE TABLE `tags`  (
  `id` int(11) NOT NULL AUTO_INCREMENT,
  `tag_name` varchar(100) CHARACTER SET utf8 COLLATE utf8_general_ci NOT NULL,
  `slug` varchar(100) CHARACTER SET utf8 COLLATE utf8_general_ci NOT NULL,
  `description` varchar(255) CHARACTER SET utf8 COLLATE utf8_general_ci NULL DEFAULT NULL,
  `created` datetime(0) NOT NULL DEFAULT current_timestamp(0),
  `modified` datetime(0) NULL DEFAULT NULL ON UPDATE CURRENT_TIMESTAMP(0),
  `status` tinyint(1) NOT NULL DEFAULT 1,
  PRIMARY KEY (`id`) USING BTREE
) ENGINE = InnoDB AUTO_INCREMENT = 1 CHARACTER SET = utf8 COLLATE = utf8_general_ci ROW_FORMAT = Dynamic;

-- ----------------------------
-- Records of tags
-- ----------------------------

-- ----------------------------
-- Table structure for user_profiles
-- ----------------------------
DROP TABLE IF EXISTS `user_profiles`;
CREATE TABLE `user_profiles`  (
  `id` int(11) NOT NULL AUTO_INCREMENT,
  `user_id` int(11) UNSIGNED NOT NULL,
  `first_name` varchar(100) CHARACTER SET utf8 COLLATE utf8_general_ci NULL DEFAULT NULL,
  `last_name` varchar(100) CHARACTER SET utf8 COLLATE utf8_general_ci NULL DEFAULT NULL,
  `bio` text CHARACTER SET utf8 COLLATE utf8_general_ci NULL,
  `img_profile` text CHARACTER SET utf8 COLLATE utf8_general_ci NULL,
  PRIMARY KEY (`id`) USING BTREE,
  INDEX `id_user_profile`(`user_id`) USING BTREE,
  CONSTRAINT `id_user_profile` FOREIGN KEY (`user_id`) REFERENCES `users` (`id`) ON DELETE CASCADE ON UPDATE CASCADE
) ENGINE = InnoDB AUTO_INCREMENT = 5 CHARACTER SET = utf8 COLLATE = utf8_general_ci ROW_FORMAT = Dynamic;

-- ----------------------------
-- Records of user_profiles
-- ----------------------------
INSERT INTO `user_profiles` VALUES (4, 1, 'Admin', 'istrator', NULL, NULL);

-- ----------------------------
-- Table structure for users
-- ----------------------------
DROP TABLE IF EXISTS `users`;
CREATE TABLE `users`  (
  `id` int(11) UNSIGNED NOT NULL AUTO_INCREMENT,
  `ip_address` varchar(45) CHARACTER SET utf8 COLLATE utf8_general_ci NOT NULL,
  `username` varchar(100) CHARACTER SET utf8 COLLATE utf8_general_ci NULL DEFAULT NULL,
  `password` varchar(255) CHARACTER SET utf8 COLLATE utf8_general_ci NOT NULL,
  `otp` varchar(255) CHARACTER SET utf8 COLLATE utf8_general_ci NULL DEFAULT NULL,
  `otp_login_code` varchar(40) CHARACTER SET utf8 COLLATE utf8_general_ci NULL DEFAULT NULL,
  `otp_backup_codes` varchar(384) CHARACTER SET utf8 COLLATE utf8_general_ci NULL DEFAULT NULL,
  `salt` varchar(255) CHARACTER SET utf8 COLLATE utf8_general_ci NULL DEFAULT NULL,
  `email` varchar(100) CHARACTER SET utf8 COLLATE utf8_general_ci NOT NULL,
  `activation_code` varchar(40) CHARACTER SET utf8 COLLATE utf8_general_ci NULL DEFAULT NULL,
  `forgotten_password_code` varchar(40) CHARACTER SET utf8 COLLATE utf8_general_ci NULL DEFAULT NULL,
  `forgotten_password_time` int(11) UNSIGNED NULL DEFAULT NULL,
  `remember_code` varchar(40) CHARACTER SET utf8 COLLATE utf8_general_ci NULL DEFAULT NULL,
  `created_on` int(11) UNSIGNED NOT NULL,
  `last_login` int(11) UNSIGNED NULL DEFAULT NULL,
  `active` tinyint(1) UNSIGNED NULL DEFAULT NULL,
  `first_name` varchar(50) CHARACTER SET utf8 COLLATE utf8_general_ci NULL DEFAULT NULL,
  `last_name` varchar(50) CHARACTER SET utf8 COLLATE utf8_general_ci NULL DEFAULT NULL,
  `company` varchar(100) CHARACTER SET utf8 COLLATE utf8_general_ci NULL DEFAULT NULL,
  `phone` varchar(20) CHARACTER SET utf8 COLLATE utf8_general_ci NULL DEFAULT NULL,
  PRIMARY KEY (`id`) USING BTREE
) ENGINE = InnoDB AUTO_INCREMENT = 3 CHARACTER SET = utf8 COLLATE = utf8_general_ci ROW_FORMAT = Dynamic;

-- ----------------------------
-- Records of users
-- ----------------------------
INSERT INTO `users` VALUES (1, '127.0.0.1', 'administrator', '$2y$08$rEEbxAlesp17tKIK989ns.tnopK/MRpmIV4OUz/xlSOhVyn21I.QG', NULL, NULL, NULL, '', 'admin@admin.com', '', NULL, NULL, 'UTM3Cf.rvo97jcvIYf97lO', 1268889823, 1553704409, 1, 'Admin', 'istrator', 'ADMIN', '0');
INSERT INTO `users` VALUES (2, '::1', 'raditya', '$2y$08$yGISxDlYYMw5BepiMumcAOgmEAi6agpg7TOFWqkDTBBwxLLGm0pSm', NULL, NULL, NULL, NULL, 'raditya@baskaraditya.com', NULL, NULL, NULL, 'rz0U9zdOnmFphB75.7pKUe', 1519193520, 1594830556, 1, NULL, NULL, NULL, NULL);

-- ----------------------------
-- Table structure for users_groups
-- ----------------------------
DROP TABLE IF EXISTS `users_groups`;
CREATE TABLE `users_groups`  (
  `id` int(11) UNSIGNED NOT NULL AUTO_INCREMENT,
  `user_id` int(11) UNSIGNED NOT NULL,
  `group_id` mediumint(8) UNSIGNED NOT NULL,
  PRIMARY KEY (`id`) USING BTREE,
  UNIQUE INDEX `uc_users_groups`(`user_id`, `group_id`) USING BTREE,
  INDEX `fk_users_groups_users1_idx`(`user_id`) USING BTREE,
  INDEX `fk_users_groups_groups1_idx`(`group_id`) USING BTREE
) ENGINE = InnoDB AUTO_INCREMENT = 4 CHARACTER SET = utf8 COLLATE = utf8_general_ci ROW_FORMAT = Dynamic;

-- ----------------------------
-- Records of users_groups
-- ----------------------------
INSERT INTO `users_groups` VALUES (1, 1, 1);
INSERT INTO `users_groups` VALUES (2, 1, 2);
INSERT INTO `users_groups` VALUES (3, 2, 2);

-- ----------------------------
-- Table structure for website_setting
-- ----------------------------
DROP TABLE IF EXISTS `website_setting`;
CREATE TABLE `website_setting`  (
  `id` int(10) UNSIGNED NOT NULL AUTO_INCREMENT,
  `website_name` varchar(30) CHARACTER SET utf8 COLLATE utf8_general_ci NOT NULL,
  `biglogo` varchar(100) CHARACTER SET utf8 COLLATE utf8_general_ci NULL DEFAULT NULL,
  `logo` varchar(100) CHARACTER SET utf8 COLLATE utf8_general_ci NULL DEFAULT NULL,
  `favicon` varchar(100) CHARACTER SET utf8 COLLATE utf8_general_ci NULL DEFAULT NULL,
  `address` text CHARACTER SET utf8 COLLATE utf8_general_ci NOT NULL,
  `lat` varchar(30) CHARACTER SET utf8 COLLATE utf8_general_ci NOT NULL,
  `lng` varchar(30) CHARACTER SET utf8 COLLATE utf8_general_ci NOT NULL,
  `email` varchar(100) CHARACTER SET utf8 COLLATE utf8_general_ci NOT NULL,
  `phone` varchar(20) CHARACTER SET utf8 COLLATE utf8_general_ci NOT NULL,
  `phone2` varchar(20) CHARACTER SET utf8 COLLATE utf8_general_ci NOT NULL,
  `fax` varchar(20) CHARACTER SET utf8 COLLATE utf8_general_ci NOT NULL,
  `facebook_url` varchar(50) CHARACTER SET utf8 COLLATE utf8_general_ci NULL DEFAULT NULL,
  `instagram_url` varchar(50) CHARACTER SET utf8 COLLATE utf8_general_ci NULL DEFAULT NULL,
  `google_url` varchar(50) CHARACTER SET utf8 COLLATE utf8_general_ci NULL DEFAULT NULL,
  `twitter_url` varchar(50) CHARACTER SET utf8 COLLATE utf8_general_ci NULL DEFAULT NULL,
  `youtube_url` varchar(50) CHARACTER SET utf8 COLLATE utf8_general_ci NULL DEFAULT NULL,
  `created` datetime(0) NOT NULL DEFAULT current_timestamp(0),
  `modified` datetime(0) NULL DEFAULT NULL ON UPDATE CURRENT_TIMESTAMP(0),
  PRIMARY KEY (`id`) USING BTREE
) ENGINE = InnoDB AUTO_INCREMENT = 1 CHARACTER SET = utf8 COLLATE = utf8_general_ci ROW_FORMAT = Dynamic;

-- ----------------------------
-- Records of website_setting
-- ----------------------------

SET FOREIGN_KEY_CHECKS = 1;
